name;grade;stars;prices;address;gps;start_date;end_date;nb_adulte;nb_enfant;nb_chambre;link
Hotel Pullman Paris la Defense;8.3;5;340;11 Avenue de l'Arche, 92081, Paris, France;;11-05-2022;12-05-2022;4;0;2;https://www.trivago.fr/forward.php?enc=_1uKGAMix1d.0g2uyBWnWVcWoepePiI8nBsBke66UqOnUtJv4JamwZKn4I2JO.zt9djVqBvSm.owtsjmujKEvvz8PsMoZDV9pi-jRyDAfCs-CSMIqt5AgIiS3fYXExtZHq0GZWcPbTUvNH1Bbz-mt1Gxbn-t.BYbw19cEzwiQcXXOzrhhjlDuJXV0svI5HFohTwlJYqN.cWwxRXocn-ejFO0.k2chb7RHPlP0P39twOXbGTq4X8iC4izA3d274wZojdCQxcQU5HHPKOORDj98IwRGlg20R0Yj01wwZPNW3nttRR4r244b37RDnceZPZJnQG4pb0ScmoDm1Ip51Kh.-WfrsxA=
L'edmond;8.4;4;246;22 Avenue de Villiers, 75017, Paris, France;[48.8821707, 2.3131889];11-05-2022;12-05-2022;4;0;2;https://www.trivago.fr/forward.php?enc=_LIatJgqST2Xv.M7IBQdENlQiDHBDl8OPtnnvbVllZutxUZ3F2X6bveI3pPaat9mXhsmUBz6JSvGvlI0LwsN681y28uDIvh1vqvtq057p4-rGpdrmdRGjqVFrVgZyXA3VbdL.OTgcAkFJmkAmysF7FUU-
Ibis Styles Paris Meteor Avenue Ditalie Opening May 2019;8.8;;212;18 20 avenue De La Porte DItalienull, 75013, Paris, France;;11-05-2022;12-05-2022;4;0;2;https://www.trivago.fr/forward.php?enc=
Hotel Le Royal Monceau Raffles;9.4;5;6 073;37, Avenue Hoche, 75008, Paris, France;[48.8757736, 2.3002863];11-05-2022;12-05-2022;4;0;2;https://www.trivago.fr/forward.php?enc=_GrNLP0LvgPw1MG7VFB7IZr55Iiv0IJYvZz2EP6ZBQEL2igcl3qtM3MxJ-dIe0Q4t.Onr8WnGh5LXLdCCCJ-qfl8jByChT94LT4HAisSMrXFh5l7P1MLQUHWO8NCKCdN7AFock-4BXnep2kqJC9n4S69A3ampAQ==
La Maison Favart;9.1;4;640;5 Rue de Marivaux, 75002, Paris, France;[48.8707802, 2.3373207];11-05-2022;12-05-2022;4;0;2;https://www.trivago.fr/forward.php?enc=_In5ydS0yc2a02Pfn9lsebkFFJKsrH0GuY5osID-ZsPrLTsNfWZFHnb6k3JZqzP9U3yRD3cKv0mx4A3qjr93do7RwC-GXH0793FQxnj7cTLCqLAEAB3WK23KOJ8WgfzB35grudnfr5tLSK9Z0N669XBnGWQcTuA==
Hôtel Montpensier;7.6;2;189;12 rue de Richelieu, 75001, Paris, France;[48.8644178, 2.3363047];11-05-2022;12-05-2022;4;0;2;https://www.trivago.fr/forward.php?enc=_LpZ5g3tzEhoCnAT62CyI0G.nHlZvzoye2tL1D-2V9Y1CiyXF5W2aMBI8Y4ruAP2Dt2Gh0Te11ax1weIVfxDDmXF0OGOVrg75EAnNr06hu4fQCW0auHyza6parFpCxjEUaU0IBZHcYK-DcLOlBI4VexO1zws0
Yooma Urban Lodge;8.4;;181;51 quai de Grenelle, Paris, France;[48.85069245, 2.28525187422112];11-05-2022;12-05-2022;4;0;2;https://www.trivago.fr/forward.php?enc=
Hotel Maison Axel Opera;7.8;3;246;15, rue de Montyon, 75009, Paris, France;[48.8731151, 2.3433356];11-05-2022;12-05-2022;4;0;2;https://www.trivago.fr/forward.php?enc=_GtqCy5lEV9c6x7O0dTfbX9FFRGRPCQsKPEnT8VO26c3F5.M7gfSU28Sl4zY0UHnUx65LHXXLj2acelPSa8mZuNt8069arrifeB9iiERqe9mk5iJZSlWRyFLkkpImnsb7x8.XermwDXQMo-RsXwYelSblu9rF
Hotel Novotel Paris les Halles;8.3;4;398;8, Place Marguerite de Navarre, 75001, Paris, France;[48.8609793, 2.3463248];11-05-2022;12-05-2022;4;0;2;https://www.trivago.fr/forward.php?enc=_S3s51fLtglbmZl9GR062OlOHkPpHqTczkpyc0D8MYiE51cYq43UGzJ7LazJ2Ma6JSFoExH1OkxsA6kZoEFDguvAFp5FAgO5icy4YoYdMwBhpzUoXJXA1wVd4FTwra8VUf1NkDeWVjjvWl3zYzeTci7o.ldmqwbuJ.KI9iDWkR89lcVdnyrdzjJLwkpiWm7PHT1UXeWh7Tm-b71fY6JksCYM2YWORG.iTYn1sZDlI0x7G9P5PpS7lGCYI38WnNymY3JISlwkPij61DScsW9s9nTELKnk6-AP0JxafopfI4pY.pvqvdNAJ7W-V2pkJ0bZNKhJgwe.RH6i4Xj8wWoYvjy3dic0=
Hotel Eiffel Trocadero;8.2;4;394;35, rue Benjamin Franklin, 75016, Paris, France;[48.8612886, 2.2863619];11-05-2022;12-05-2022;4;0;2;https://www.trivago.fr/forward.php?enc=_f3ye8BRfI37QuqTkE9DH1nn85Qu0XpF5IzubUD-4I6DnetLB7a2Ii6uFdzOG90u1e46HFOuihohpk6P1jZJp-bflunbD-kD.0N8wbM5LUtrDPbq0JX950aTNQ3hKIpu2G.UYUgPgKqP4.WUPVi6vDtDPdl32h574vg==
Citadines - Tour Eiffel;8.3;4;357;132, boulevard de Grenelle, 75015, Paris, France;[48.8488275, 2.2980171];11-05-2022;12-05-2022;4;0;2;https://www.trivago.fr/forward.php?enc=_N0RGHlMhqKDwnvDanojUQWzjL1E6iH1yGeNTjNq5tsFFqD6MyOvCAhqoiypHD9U4OijGHbHQH4sZEZPIBSn4dLuOVZdKCcOSi3eSUOTnHR0tXQ8Cb93gL6hnbK6Sim7y-2JJgyqhE4rL-46qq.Xog.nVA6c1pC3D9obTXQDGdsEW0QS6Nq0LgQ8GVc-u0CC1xVA=
Best Western Premier Trocadéro la Tour;8.0;4;240;5 bis rue Massenet, 75116, Paris, France;[48.8588073, 2.2788311];11-05-2022;12-05-2022;4;0;2;https://www.trivago.fr/forward.php?enc=
Hotel Mistral;9.0;3;321;24, rue Cels, 75014, Paris, France;[48.8368799, 2.323847];11-05-2022;12-05-2022;4;0;2;https://www.trivago.fr/forward.php?enc=_rM8dX0-TXbpC4yUqtBJUJiM0Lxzzp.IyENkQFgtHefvnJNqi7dxbA3kSmev53OVcq-dffL1q-d4YBXfp9ggbdVF-0sUgiqbDTV5Skql5oFLTTIoHX1rME2kxTHVkPkd6IYvMNTlJ-biI7u7hTQPrWGLbJQ5SvJvMhYI=
Citadines Montmartre Paris;7.8;3;203;16, avenue Rachel, 75018, Paris, France;[48.8852121, 2.3311684];11-05-2022;12-05-2022;4;0;2;https://www.trivago.fr/forward.php?enc=_pK9aEWJMru3CGYqI4oDYEeaDro3oculmctJnW93FpdN99AisGyLT3N092zeOVimIzjKwsHWFAhl2aO.DgqTNNYZxkqF51QoddwOBwpfgFmtVI7m4qELV84i8GDac6BijzcYjrTlQjl-nhgnxsfF7ViNZj92G3GXSPJ4RmTzQT12yn7Fk8JeeZZU025vc.pTLAg==
Citadines Bastille Marais Paris;8.2;3;229;37, boulevard Richard Lenoir, 75011, Paris, France;[48.8581858, 2.370908];11-05-2022;12-05-2022;4;0;2;https://www.trivago.fr/forward.php?enc=_wu1CRrkqBYroDt5mXfMMjmHNTMpnmtCUl1A.rsykkn-Qy-zycpBY2xZ5Ky.wVkx-rmw27onD6Ep9dSODrlNj-80Z81pKYLlxhqkvH.ICYc9IJhnCnwfX.slbp0d82pKpex-TsmahtJVYnBQv1eapSkKg1wVuqW0-fOsczta3jxMRweEIQlXjuWMZnuQzsZfkK22iml2nhlJkS0s=
Hotel de la Bretonnerie;8.5;3;345;22 Rue Sainte-Croix De La Bretonnerie, 75004, Paris, France;[48.8583047, 2.3560229];11-05-2022;12-05-2022;4;0;2;https://www.trivago.fr/forward.php?enc=_-z.Njb0HUxxULLA6xgzm5VBVpSNq.r9w1n8lGMGk32q0oGTzBy7gng87hdo.4X1bOG3yqoJ9C1R3B6SMq3XOj5gx2qR375JNX8IF9A-xOx5YA1F34EeC5M86Hc1j51Fxx9uiK47S5G1qeG31raIfEqSxt3OiDkxFsG4=
Ile de France Opera;7.2;3;256;26, Rue St. Augustin, 75002, Paris, France;[48.8689262, 2.3347211];11-05-2022;12-05-2022;4;0;2;https://www.trivago.fr/forward.php?enc=_IDuD4cV.2klGGH8CXe-O0GeZ15SFCTdnxfR.EtYgNEL520DoGyki37Ig-eAT-yYjV5-NoabLVlylkVOj5Kjx.-FIlTvACAkyXamXrDtsdtlzDCmkITHD1t0SyVJwStEYwW0JtWioJWnndy0DbM4Y1gU7UWfI5dH2gjFs3Q==
Hotel Sofitel Paris le Faubourg;8.5;5;1 595;15, rue Boissy d'Anglas, 75008, Paris, France;[48.8683727, 2.3214441];11-05-2022;12-05-2022;4;0;2;https://www.trivago.fr/forward.php?enc=_qC-Vcs1gONgVOC4Y4YZLQA9MI74LFl0Q06-glqT1.hSxnp.uzBHAx2pIva0.jZfE3rStNbHT.cEPHqfXF9DnYseH71bPOXUrtaUxQfr2fne0HvA0jwjfCrQMGrxRoEPdTnfa4LaTWsmMhVQEYJ5XosMBwk1kKaNOjrt-rIeyHDrQv7e8suA8h43bdaZxjJPoXLjHSwFqZfrtQH7YNcvjNqvV5lIbOBTw2SrvPnBC7IXmyADN6M1KtWET6.MX5y2lk3oboQZJAcq7Wga8.XWIlwd36XNncIFA9APQCiTGRjg20Tjh-ZJx2pF2dAVXoRIL-eD-H.caeezw9TmDycPwNLa.u56-
Hotel Best Western Bretagne Montparnasse;7.7;4;212;33 rue Raymond Losserand, 75014, Paris, France;[48.8354462, 2.3210972];11-05-2022;12-05-2022;4;0;2;https://www.trivago.fr/forward.php?enc=_ymhPUSAOfzTK-O1Ix0380rtUhj5rniAESG.gIkpM1.ukfKiJQVAGXMHX815dPaZ.h5d6fGFb78ZUotH2-IFxQ1D7M4uHVy8jeJPLJXkeMgh9CnIllOcKY7sFow.txZwyF89xMjuqivmDhGehWWOMBLITYNaLBG9GVIl5fTn65wRnLIyc2IIsa0ay9maO9Kbos.IGd1E6do.q-Fvwp72uctKQ
Hôtel Barrière Le Fouquet's Paris;8.9;5;2 182;46 avenue George V, 75008, Paris, France;[48.8710995, 2.3012603];11-05-2022;12-05-2022;4;0;2;https://www.trivago.fr/forward.php?enc=_-mud7xi1J8jIByUNqCYLQj20nplh5takbtyesOFeO1aJ8h3OdVEtI3enoAJRKzrYeU.muKjwfgcvL5vKNcIJXxHIbpxoIh3bRpRX.qK86Lgxdw61BKpJ55Aj.2l2wThuYDR0oMeOyLhZ67gfP8GxXSfLtVKcFjcGpm9c3tty9L8ea5Msqi8dsb8hf3R6.itY41DHXg==
Hotel Duo;8.4;4;575;11 rue du Temple, 75004, Paris, France;[48.8580962, 2.3529365];11-05-2022;12-05-2022;4;0;2;https://www.trivago.fr/forward.php?enc=_Ls929fb7FfEyqdk9gunguxcDajwggpa6var9yUqzkKUqKE0bJdyyLZGls-CU-xHj5tmUrLyPfxt9aoHfsR7MtIieCuS8QQqrhzuwNNdsWyAcrL1Zhcxe7WZRuh6C299UfYUQFyu5gJjAJc2F9.fIfA==
Courtyard by Marriott Paris Gare de Lyon;8.7;4;343;209-211 Rue de Bercy, 75012, Paris, France;[48.8404941, 2.3788359];11-05-2022;12-05-2022;4;0;2;https://www.trivago.fr/forward.php?enc=_J0EMlC1gtUOv3dJqOW9q6VwIJKbC7dFQZ-apIKZXz3PsMtNnNvqZ9OplbkLcZ4c0W8mRe.I8klXdskQsifTTVbA38lpZBphkNuEBWw2p-i7Tw04x0FlLpM3Y9t8eP3RzO4xtF8olVP1SUrx5GGhGgRuIN-fwEytDXMgs8-Wg2kIm2zUw.fNQ818oL8Su4AJpmyTILDXtdzpyAeKOEQm2lrNFzemTe2mR
Mercure Paris Vaugirard Porte de Versailles;8.4;4;212;69 boulevard Victor, 75015, Paris, France;[48.8330539, 2.2881095];11-05-2022;12-05-2022;4;0;2;https://www.trivago.fr/forward.php?enc=_ap50CSAUGNHw9NTh6jf0yviiHLdbJT1Qo9xlvLq9JjQVJR-MXLBZNx2fCXW8bCIi6EG8CprQq6cgpeQ4.RQcuiSpErIH5QPloFCgHAF1vHUPpzvjBAvNxmG3mxq2as.7GwJudwlid3QneON29UUPVrCEd2Hv9ZoUJl-dCbsv6SpFSORhSOhKkY.YuRbaSni.Ds.zjVO4wH3ySaAB5BA8g8-46clO0zHmR95RVzXB41Ozs3brXGIkTY4A9T-eVUsT1VyPjVtM0OcvZQ20-YgEE-OKcNZcDCYdeTY2QfZcQ84TYtNZ9b0zUh305fGODAG4WZkCYDQMSr8y4nX8zbYWBar22lY=
Hôtel du Midi Paris Montparnasse;8.3;3;197;4, avenue René Coty, 75014, Paris, France;[48.8330243, 2.3325486];11-05-2022;12-05-2022;4;0;2;https://www.trivago.fr/forward.php?enc=_2vOmkBDq0XLU9u3czqSzlfpJ2Lu8IoG2lqb2K4H1tk3Nn84zQzgVXfmQMMSvZQqOV1IPUsoSaSd80UKrJQ2c.iPaahfE4la9mS2Pwb8Ce0FdfjCiHvifa-KrWQIRRKqGTS-mD3rlerBch75a0XwelxYw6ew7
Hotel Elysees Union;8.0;3;276;44 rue de l'Amiral Hamelin, 75016, Paris, France;[48.8683321, 2.2918052];11-05-2022;12-05-2022;4;0;2;https://www.trivago.fr/forward.php?enc=_U5-YZkhzm7D878Xbl2LqcQ6w0LuPG2IMgk5VlNbQKMv0W.2aN-fw04907-AlEe0Yyxul04aL1KMK4Wsn9qQpGoyPO3Da7M9lNfm4p8-RTDO9xN-MmnmLAY2qvBifmRNwlSnv3RwDQ1KVu4-EmjhJl1FOymeCvnP2NPnJ8KFufYZCBvEHD56.YWJEqoqxmCyx5HTAjRoyJU9Jp-mF460HtkX6MGhpKmzjnKvkXM47Z9-ydCHN4dSqgMAxpiGl2BBT3OyhytullGaItI0gTB.aCj.RlYRoeMR7N.gi6c08F4TBuXOl6jmNO4FV1EBphdH8VKTFJpLPihpG6A==
name;grade;stars;prices;address;gps;start_date;end_date;nb_adulte;nb_enfant;nb_chambre;link
Hotel Elysées Régencia;8.0;4;369;41 Avenue Marceau, 75016, Paris, France;[48.8686672, 2.2985546];11-05-2022;12-05-2022;4;0;2;https://www.trivago.fr/forward.php?enc=_yq5QTu3iILiUprKjrpG.EJfb3tNEr1Y0rO.JyaRlw07A2aoazWDEQ6W4D5nVqs-enu6rAIzMZrmVawBjZS8l-k.F1J.JwlSM9lX0QeTD3MC8RblGkvr7lXHDyg21Nsfeet.VOam3oXczbLCcyO2OJo0=
Art Hôtel Eiffel;8.1;3;361;136 boulevard de Grenelle, 75015, Paris, France;[48.8487233, 2.2983505];11-05-2022;12-05-2022;4;0;2;https://www.trivago.fr/forward.php?enc=_PSP6QEXPHEMxPVsiHNbmZSjHlPWOkiMXmMPGuzCcMLEOLqwakJwpBfqwYQ0sYDK2E4Ji66XyLP6GrhBcd2Eqy9aNt8vayo0XOzjXdYRp-pqnLdj6L2OW2DOGmpvFCvnyvimXg.iWN5MGTD6FrgNfV.Xm0X38ZfS3sXVXatOSFeVtLnCUkBSsxciI9Tgg9cfjv11VVlg0FhD7rTtwYFWtvr1eOX4UWlzX30xFWl37zcYGULecTuS3UAiuWfCIkO9g-HV8PmFL6PwXeImtwgB1W2sR5QFJCd.o9n2iNuBE9ksJH0V6Uw==
Arcadie Montparnasse;8.1;3;230;71 avenue du Maine, 75014, Paris, France;[48.8344162, 2.32402];11-05-2022;12-05-2022;4;0;2;https://www.trivago.fr/forward.php?enc=_0WM2X-mXpoqWbtCv7NCbub.sO9mI.0eQN9ONTXe40xkM4f1.IbAKqMI0sXZB-oZSJvkj2sPjt44stX5eM3zNnbMq0IaoFVqTvX60la8RLoRHMb--k57y44ZTXMZ4Ey-vzSJbqAFkvZB2hZN3hmQ-EEU=
Warwick Paris;8.0;4;365;5, rue de Berri, 75008, Paris, France;[48.8720198, 2.3031735];11-05-2022;12-05-2022;4;0;2;https://www.trivago.fr/forward.php?enc=_BBdEPXMRxTK8pYicMOe6-g1VeTHWk7kTzEqqWH-w1CkGYygmYRILure531b0E4phkWJOMoCPpJhxeokoP8cnWKfhnS3u0rlop5AXZb1IHZFgDMRJqt-HE4jPV535u6ZNBTTwz--8vCPIHWTiipDfHLEebmHQBA7WT4sbg5jwoI-0TxM=
Hôtel Albe Bastille;8.4;3;235;66, Rue de Charenton, 75012, Paris, France;[48.8494146, 2.3744447];11-05-2022;12-05-2022;4;0;2;https://www.trivago.fr/forward.php?enc=_gK6Z-YJJWSSASo2mNAqyZDgeF4skECbVvp-Tybrf46OywPWE12bnYd1I7aHUnMFDc70xf11gA-DRQE7igarxv7.7UfiWBUgJAgqsVgzNY8CH.Z0oq-CS.1emuNlM.DYN1gIT0m2XHcZFFyIUuOgDdXlXo7wHriIxd5uUED44
Maison Breguet;8.8;5;513;8 rue Breguet, 75011, Paris, France;[48.8566733, 2.3718892];11-05-2022;12-05-2022;4;0;2;https://www.trivago.fr/forward.php?enc=_8XRdlcXjq7VJNmFtrbr3hCxmNLvBFm2e3F7on9wGhoOG5AhrbAb6aZUvR56SdtZlfIGkQKuWVrTm7pGIIFNIP3HmwGDsBfmOApIeD6y33sbn1e6ARZN4aCKtmVDXr6Y-PaPP2zXXSzalh68VKcmJvrolCK40OY8=
Pullman Paris Tour Eiffel;8.1;4;532;18 avenue de Suffren, 75015, Paris, France;[48.8558607, 2.2933029];11-05-2022;12-05-2022;4;0;2;https://www.trivago.fr/forward.php?enc=_bODaf1-CF2a8uvOC71A5vdJFyk8S4DmgPnoOg03DuUGi9-pXmyOrzOXzMH2no8Egflx6fDQ380HOX3yuHKcC4HL4l5mZKOwoJ4NZM7PPXhyrExshriZni-mZptffZgfrmjHgbuqN67zZJ-QBldioXrGVfA4GQnq05bGAAttOhb0dfLbyFLHIaZg8ykr1HeNFS6ESiHpR8Uc2eV-VT.rcRyQdQwm0g2MFry-c-dfPCVOwu-1xF8dO8XDMKIty897.5L79b7R9Ren0nnVnH2OYGcPyFPwntkRJArEhxw9QL.bRarMs1BA500J03WcUM-4L0tJNEGwvakvTFrWNuv.4zXLFiz0=
Hotel Alfred Sommier;8.9;5;768;20 RUE DE L ARCADE, 75008, Paris, France;[48.872056, 2.3238531];11-05-2022;12-05-2022;4;0;2;https://www.trivago.fr/forward.php?enc=_jG-LDwQPvyLxjj1HYy8a8xWEC9fWcCUNy6Nqm0cgkh.2xtWuqWm2O4ss5pr4Qio-rkjkM2kKZylhCIbfsoMCv8kV3GICBppZtvDRxcDS.Q3zMoKPd6ooRgB8n4-C2sJz4QtsmCm-Hd1QDESyVQAx7GfSMeXhzzl3
Le Clos d'Alésia;7.4;3;213;8 rue Friant, 75014, Paris, France;[48.8268815, 2.3249588];11-05-2022;12-05-2022;4;0;2;https://www.trivago.fr/forward.php?enc=_C12o8yFY1DpDU3NoRYl2zBXeXw3blm88Q2ZD2fdWJ2794FwYz8KNJQeCximjxvm15YtHwwLsY9NiQ6pyht2OWYpkxb7vc5zgfvMj.lkdSvsxXP6pWtAGy4nlHY.dqKGKD9UiInX18q1TTxA6zEN9UkiB7IJq
Résidence Charles Floquet;8.7;;516;8 avenue Charles Floquet, 75007, Paris, France;[48.8561307, 2.294172];11-05-2022;12-05-2022;4;0;2;https://www.trivago.fr/forward.php?enc=_VRpfmTvQF4i7pKyCUDq-zrmoVX5iyQPuIdU2npLFFoEEaBltdgepvlJWEAyQwFR378yKEIDW0f2KNx.G30nj.AuD2w715wgDzC.eq0mR3bG36WQ9SPVWY9BWst0UV4bCBMq.KO9LA2VfKDfc1fIlrul5v42v1pvMow9iRMp2vUVYmGwU2xAqoM8xhLlvYVfnayCfIyTBpisyrtpngpulu-AeOf86UaLSPOfDl.D.DT8biqKE7hPb9riFsg1LDRgeuCmttLfjILYv.eRgySw4FF8EVa9vtPVRRxDX1E3iKPXGiRcKehqxlyK4t3hW9zizMFtC-WYdF5EDR--IQw==
Bastille Speria;8.3;3;342;1 rue de la Bastille, 75004, Paris, France;[48.85396755, 2.3675499565294658];11-05-2022;12-05-2022;4;0;2;https://www.trivago.fr/forward.php?enc=_.uPmbVbe61rijJEl7vidbszXyKMqKYExl-jn7nGqOcGyIP.ZKDgCcCMlWJjH-.F.aPpIfKSo6fIZRDQj-MLGClw.ohbObXj5t8llPuSPdA-Y-TgWflAYs9Uze1M7zJ6SzLBc-Vbc4Ad8Z23DrX7I25bzFJatk.lw8ki.hoq6CdHvQT3o77N8hv8ZnJTPKJdoJPmX1keuwC-eSl5nyKuuRHcVuZvRt6jlMsRhYyQM-ShtRM-Cv6Gu2tpEWLaMNrbpRERQwMGCLhsbBIi-mz5kuf6N14o=
Jardin Le Bréa;8.6;3;376;14, Rue Brea, 75006, Paris, France;[48.8428926, 2.3298403];11-05-2022;12-05-2022;4;0;2;https://www.trivago.fr/forward.php?enc=_ss4edOUP8HnqJRF04OAF7u3Ng50efs1r.jCW-G0zvqMegjX9dG6JVRHAPkMrUWfQMOmrNxpLOCwPtLS0uMa3iEe.loVIqW1dql-Rdl30Cx-0ceRbnjzVWNaZNVlD3MpOEEqm6VGeyLw04h8iMQt3FckdygfHjA==
Hôtel Touring;8.2;3;228;21 rue Buffault, 75009, Paris, France;[48.8761328, 2.3418622514844625];11-05-2022;12-05-2022;4;0;2;https://www.trivago.fr/forward.php?enc=_zmynBwQoh.IT8IHCSKUcHNAg6q44H37JR6auDxhrPGpiGkUDSHSxlNHRZ5EPQywZGWBW1OsOJKkBaJGLzCGWixhLUZb9rROXmWhPPAIMDyHC7T9hFIbS6ION10MusM4vfFLS1uGtm64n7hZzUMzJPLN2RyR1vp4=
Hotel Bastille de Launay;8.7;3;423;42, rue Amelot, 75011, Paris, France;[48.8585802, 2.3685321];11-05-2022;12-05-2022;4;0;2;https://www.trivago.fr/forward.php?enc=_--VqBGKh9AT6DJxIz0h5sanBVLm2-5tR5XaQ-FQzglxTlAZEbzVu4Rs02wcNW6k8veVqxxDmpvySFK6C2W6-JCarD-BVmDbbBOUsWn1HvwVX0syXuOZYejmj-CVosJWBZzg4eoVenPpAbZXbTwRFClKMwqJvPbTnXzYqk-nl3uyR
Hotel Unic Renoir Saint Germain;6.2;3;181;56 Rue du Montparnasse, 75014, Paris, France;[48.8420516, 2.3254084];11-05-2022;12-05-2022;4;0;2;https://www.trivago.fr/forward.php?enc=
Best Western Allegro Nation;8.0;4;227;33, avenue du Docteur Arnold Netter, 75012, Paris, France;[48.8430418, 2.4051424];11-05-2022;12-05-2022;4;0;2;https://www.trivago.fr/forward.php?enc=_HKL5Xkx9lUUYr9bt52-PpN.9bdfG.2gCVgHGMYYjBABOaGZeg0VeHE8LSWjLZBR29C8TI6aep21EpiySwDMiVnjgP5rjevc.AHnp666UsiU3q1pCUEYywis8tpLpRUVMGnnpGzmxdMtGuA.vlKY-.YNO6t-dQg==
Parister;8.9;5;445;19 RUE SAULNIER, 75009, Paris, France;[48.8753155, 2.3443779];11-05-2022;12-05-2022;4;0;2;https://www.trivago.fr/forward.php?enc=_8AeZ1.kXg20sfIS8Q4ywFTxJ8qtvkGRmxrSrWDnQAMlhm5TfQXaxN2PG4jJCtxu6JAhTocEgeUomSUxJDU3.xTwru2tvlo0DP-RA.WNmSuAfdU4zb07E9VwcUmPt81jV.EVwKAtjnk7MwwxrybZd6ytBafOEJKY=
Renaissance Paris Arc de Triomphe Hotel;8.9;5;551;39, avenue de Wagram, 75017, Paris, France;[48.8770077, 2.2970587];11-05-2022;12-05-2022;4;0;2;https://www.trivago.fr/forward.php?enc=_5q6ee0p6YyY.OZOtf2cgfhRpJyXiNTKegYRTnPPwa5gmEM3CPDIFlxTKWxOZvRJY.h2-ouKuHzl.IXalRYDTJFcuw0Rl4kL22TOF4Z12oaCURh-YYF-mmGunosCkpEQa0rjFgeS99a4btnpAoJ-qENb7aMVopm8=
Joséphine by HappyCulture;8.0;4;378;67 Rue Blanche, 75006, Paris, France;[48.8822895, 2.3317891];11-05-2022;12-05-2022;4;0;2;https://www.trivago.fr/forward.php?enc=_FgGfFRkgQsSR3tLhtak6V9inK5zqY5rQUZpMWhMpOZjz8iVc9fY4or9UxwwvG75tTRH.30iqiFnhDRkjlaEEuucy-vZ0zV0rSDNufMLc993jptM1Wcd9p0ElazVGNa-thypObKJcHDWaVAaEzHReeLCrCBumVg==
Hotel Montfleuri;8.1;4;278;21 Avenue De La Grande Armee, 75116, Paris, France;[48.8765906, 2.2855479];11-05-2022;12-05-2022;4;0;2;https://www.trivago.fr/forward.php?enc=_YQ5uJ8KtGzL7wFl2N-l7Oinc.4MnvBSZ-jBo48khwSVAjhaCmbH3I347T4abdhu6KoGqj2Yvunl1Ep6qMvPkW6LhjaSXNrlEumIsOTR.CoZgrdXlSDOdbLtf3NQ1zRWqe89Wtw--rAE5.jpC2gm5AETtRcHrLEFeQeOa
Hotel Etats Unis Opera;8.7;4;486;16 Rue d'Antin, 75002, Paris, France;[48.8690667, 2.3336474];11-05-2022;12-05-2022;4;0;2;https://www.trivago.fr/forward.php?enc=_4-VfArCGbACgDQTdeAWdWK14LcFesqxXxWegbgiL0qjzsD-OqJ-xY5j3cysswMJIeosmNHPJjY-TeYCepZMzSIZNOmoxuXqPM6QC7iXvDzhkEpyyZu.TEKyphBE1KAKu3vNehhj7NPPOc68naiB5tj3ZU0amyVfJK7OrDg==
Hotel Le Burgundy;9.1;5;1 626;6-8 Rue Duphot, 75001, Paris, France;[48.868224, 2.3256304];11-05-2022;12-05-2022;4;0;2;https://www.trivago.fr/forward.php?enc=_uijHp-mqUM5iAbYQWRRVXlYNNVAk8VcdNE52M.OMiAM6NKFF9UBzoBPw3-JCTe7wIfq7OEjFmbsEFncFm3OmQEk83.VPbDv1jVG0yPCGlbSo77O3XxCWopc2EhLTA7cAzh.27y6lgdketSmxjWctg51APxe0Klqh.pGIpFx9et6HZBWT2gyoZi7D2kfORYOcahHaTl6AH-m3MPpFCfP7joOx87y9EbhVkeiJvKDbY-yW1XtrVgL-YKZQrhs6vt0bM1SAV4U-xX3WQGVVmAcxaYRrzEgc7SzFvLKPERxp5N0CodrI8-1puxxDEsROY7-U4nBrzD0kGTVRk13ieqCmfyd5HogeRg==
Hotel Pavillon Bastille;8.0;3;344;65, rue de Lyon, 75012, Paris, France;[48.8508146, 2.3700319];11-05-2022;12-05-2022;4;0;2;https://www.trivago.fr/forward.php?enc=_JI069SNS6yKFbi7OsTH3uru6Blhx3kRUsX3Oj8iZNlW9ldBT5tmApC0a4uJVMsEDx8eZcl092iXet7KfyFCdpjucfOJwAHC4rV.Tt9k7W746s7XCfXFysk4J.bni3NmsPeAogZCt3f9rXCem0dg6dQLNSGiu
Paris Marriott Champs Elysees Hotel;8.2;5;794;70 Avenue des Champs-Elysées, 75008, Paris, France;[48.8709709, 2.3049746];11-05-2022;12-05-2022;4;0;2;https://www.trivago.fr/forward.php?enc=_vZRk2mHZ3xXKLZUu5AszNq7MTW2ZF7aJ.gJnwZu.uhkDGqEt04BZRlsjTHRw8jrLNru5l5FHABPpsc30FSm6hU1puA15REBEavZ4rgiB4ic4V6e5MaKQKq8tdzJGDTrE4KIaKEbndzr.uqc03mMYn0BNGnNc
Hotel Adagio Paris Buttes Chaumont;7.6;;200;3/5 cours du 7e Art, 75019, Paris, France;[48.8781466, 2.3868251];11-05-2022;12-05-2022;4;0;2;https://www.trivago.fr/forward.php?enc=_tvNCGTz.hyaaJi4at6Nq0IXhWMV0K4Ml8laXQ5HQFgRgL5NN-cc.7fKcGnGLg0RumknSDfIjwattS7-USLDev9k7uc5.Ky.CLGUGl.zCsogjoNP4NvqsmbF5GojZsMwMwmrNDxYwQLQC1mRVJKUT-YVSbKN7HTwzd3xPi3ctbJ-.WiwnczzuIF8SZPWI3kYdvSI4Ok4uydKZNz8Ot-k3RQ28tyQGf-S8gRt.I25caMzVmyHLCZ.lGVOQgGTX8PrSPnQ0pw5-DGIlM-fe-IxLEPlBKrNhJPbySRWRo81.Y8yZNHxaU2VslzSt5fbM54Um2e1x8ViJRELEUkYsKH11-t8MOJU=
name;grade;stars;prices;address;gps;start_date;end_date;nb_adulte;nb_enfant;nb_chambre;link
L'hotel Pergolese Paris;8.1;4;356;3 rue Pergolèse, 75016, Paris, France;[48.8757511, 2.2863398];11-05-2022;12-05-2022;4;0;2;https://www.trivago.fr/forward.php?enc=_cTLrXy-xcKhzRoUJivbpJicCqENgNzFkDdkcpKBp9WOPvlrdGGTzogA6IhEXBr4I16mUVVRGEhqGtIvRHle9ZKSrPQWAvWAAZFa3n4O0fwWawt2sZGUPMWsQlgsgX3EFoJYvRS4hPBTwG2mxSxqtFQ==
Best Western Premier 61 Paris Nation;7.4;4;249;61, rue de la Voute, 75012, Paris, France;[48.8465151, 2.4102522];11-05-2022;12-05-2022;4;0;2;https://www.trivago.fr/forward.php?enc=_ZNyJJb15fpDzdAhkOHHOQUvpVS.yBC22nHjkc0Iv3rRg0pkjk61mt5J66xjcfZsMt3-03DFFTlXIGUuvhHfBM6VNO7sx8CWj35b2rQ7P64O0x4w6QFK-3nfXCf4.b1V5l.UXVXktk59fJG4jeT1KpeIF4TEAPzwfDJWEpVv2A18qL2Y=
Sinner Paris;8.7;5;1 265;116 RUE DU TEMPLE, 75003, Paris, France;[48.8667878, 2.361948];11-05-2022;12-05-2022;4;0;2;https://www.trivago.fr/forward.php?enc=_UNYJWN3t3fK5s208g3HTvpS6-VJgOjDfE5h6Xu72SY90wzqiMle03v6rHC..-zL31ZlySrpc-NJR-Ya43j3PoCKQesdAMlXyV1f0qh3wGKlIcwRlGBk.GvKhGNCz5QYOd9pjKHziq5IYfQxS1fn0WSIG0Q==
Hotel Aida Opéra;7.6;3;294;11, rue Richer, 75009, Paris, France;[48.8739883, 2.3467597];11-05-2022;12-05-2022;4;0;2;https://www.trivago.fr/forward.php?enc=_-90ry3vel2kQwR647D2ifFBPRZiKpsngQJiH8O4UkFq5mrp6DWoZBbBUmyq8JexTWwBcQjY5BablDEgvNSwy3CDf2MsOvD52LEeBlqAeJydD-PairlSSbEsaQGcEiTGariCgHgcC.cK1NUayQ6N0
Hotel Elysa-Luxembourg;8.0;3;393;6, Rue Gay Lussac, 75005, Paris, France;[48.8462051, 2.3409533];11-05-2022;12-05-2022;4;0;2;https://www.trivago.fr/forward.php?enc=_5mg7xpnPQhg8.mwSjDt5HJIAd0fOYAjobf7OB3Y3miNzYE9pxiRjOuNgCR5eZBkHRW6PCKUCGD3hsVEsBrTfUG6Olt70-u5sthLY0U5y.FTAcw2MKd0gdCjP0PNRDgZAyzLeKOCodLsXhIWIUEcVZCPHPAlaNg==
Hotel Lumieres Montmartre Paris;7.8;3;244;110, rue Damrémont, 75018, Paris, France;[48.8940276, 2.3368109];11-05-2022;12-05-2022;4;0;2;https://www.trivago.fr/forward.php?enc=_GYSWjiKriufWa4sKardwY9dppgdc63C1kwwH9T-MGUqKzXwCiDvYhR7rxmA48iy1n0dlSyfNylQzP7NOqBrWiux.tQwkyj2-FWV3AA6bRIH60LtY0KOSRkOhb-TmeF7ist81GWcaxsAHHG8XrDmAt3c-fw==
Hôtel des Deux Avenues;7.2;3;291;38 Rue Poncelet, 75017, Paris, France;[48.8798841, 2.2987086];11-05-2022;12-05-2022;4;0;2;https://www.trivago.fr/forward.php?enc=_5WVK3xLbjc2eDDpXw-OpIzuXC1gjUuMkPTYpIhjvQQku18cFi0pA470FmRhtG7H51ZEQEB4Q3gww6ZbnAf1pZjaPybQSreQKPji1OFJWhbM84-iduF4SZ38Q3RSX-.CI-gd0UuK5HR6ud.FthE50EMJh95qpcGRPBZu2
Best Western Montcalm;7.7;3;232;50 Avenue Felix-Faure, 75015, Paris, France;[48.8408925, 2.2871223];11-05-2022;12-05-2022;4;0;2;https://www.trivago.fr/forward.php?enc=_QTwHTXso6vDibW4yQw5Qlt6xRJo.b4IXExOD.dgwhk9FCfeEESkT9oJKwdht.yz1AB5jKyRJtSeq64uB67jlP99i8lN1DdNDe308iXnKm1hJbQIUG-SnmWzd53gEpe86o7VtDxrbKty1j68HqHOxNEMl
Hotel 29 Lepic;8.1;3;233;29 rue Lepic, 75018, Paris, France;[48.8856322, 2.3344588];11-05-2022;12-05-2022;4;0;2;https://www.trivago.fr/forward.php?enc=_yV1URL5kocAs2KHyGMtHRIHZSEr0k1A-lwxkugO-iifxmuIOxcMM9Of-AC8KS0dMZLdBy.XES.MtsPrmiPsr9hKBiRWqB24ehelRTnxCOueUXfRIG58BdUGPOD0Crbhf3Mab-7i6MW7ludq0
Hotel L'Empire Paris;8.4;4;451;48 rue de l'Arbre Sec, 75001, Paris, France;[48.8607602, 2.3425501];11-05-2022;12-05-2022;4;0;2;https://www.trivago.fr/forward.php?enc=_6pypitGX9x6Y-i4vNdJT0kDlCrlXoFhao65yLfwmvgWzX5GnHjdCmwBVGyjSqZ-VVsbtYDF6f349aZXefbe02wjP1zVLWlkLueC5gN9ruptoep0vbdyuJjUKKXc65pe7.IO0EraQJe69FABC2RxpTemNulrnvA==
Hotel de Sers;8.7;5;966;41, avenue Pierre 1er de Serbie, 75008, Paris, France;[48.8681579, 2.3004143];11-05-2022;12-05-2022;4;0;2;https://www.trivago.fr/forward.php?enc=_vjqFBw-b4eid9DIMaCsEcs5A1eZV1uEg8P15luztF.NP.aN7OlBiWj4XzbTDOVaqL-2l8wnDlpqihBDsPnFH3JkylX2L440aN3WIbn8Xgv-MK-jx0fa-uwMG6oLM8GC0sQWoiqqi7a91MXToPOYTpiS6
Residhome Paris Gare De Lyon;8.8;3;275;47 RUE JORGE SEMPRUN, 75012, Paris, France;[48.8420629, 2.3840466];11-05-2022;12-05-2022;4;0;2;https://www.trivago.fr/forward.php?enc=_5cuslNhyvezKNSVitynXMJMugtRSobMgcmsTrPEacyO3WWpa0I6.H3ZdxOzmekzYZkMnCs55RCsEQy.3JQOaChLtHsby-7udYaQNZshWH6qVdrAtcx-fXm8NUK43aZYQfUq3gDhkqNpw2DYS20v8k1nrSnrrK2Gj8j4K5hTFgDRkEhm61cABSY-.rm60gcEQvNpHWHFFJxN5Lj64KcErTp8=
Hôtel Windsor Opéra;8.7;4;272;10, rue Gabriel Laumain, 75010, Paris, France;[48.8734367, 2.3486148];11-05-2022;12-05-2022;4;0;2;https://www.trivago.fr/forward.php?enc=_HWGB2KoBG5iCGV87JqYl.2iyZMjkNNQfl2a.p5YlW4QSQqTMztVvSNXvB4PXBnHD5ZUO6pONSFMq4qjxfSpiSVBhOvzu3sHag.wHncWOloMBMQQjxIScjDGLyj254uOrFv.UgYnToY1VpiHrqH3Ih.Y=
Louvre Marsollier Opéra;7.9;3;448;13, rue Marsollier, 75002, Paris, France;[48.8681735, 2.3346756];11-05-2022;12-05-2022;4;0;2;https://www.trivago.fr/forward.php?enc=_UbLy6gzY-UnY6nNjUemxQ1.uIFUtstOHFlasEU-6iX4Kg-LC5TMu7auZNgDg-1cVUFY.Dla.pzvBmZXIgtzNHNvxImsUHGodoZS9-MXOhhdOTNv1Vz3HeP0QRnt9J5w.CSIC91rO-vAhrs62ZXEsgwRz-60oalKQZEc=
Hotel Vernet;8.7;5;966;25 rue Vernet, 75008, Paris, France;[48.871859, 2.2978478742600164];11-05-2022;12-05-2022;4;0;2;https://www.trivago.fr/forward.php?enc=_GZbgihnSntZBltJcs15CKXjc1w.EnnDVy5WWAKvuT.k9bL0Mb8AIp9Wv4e11LnUnjLVb6dMY7R6Q.IwNMb1vnZ59R0Ea1qm9trbLMnkCnGaXHRTCyYKxp7D.bN.kSkxz1RroVdkn92NIXzdnB40Mx9LGvw==
Hotel De Paris;8.3;3;186;51 Avenue du Maine, 75014, Paris, France;[48.8344162, 2.32402];11-05-2022;12-05-2022;4;0;2;https://www.trivago.fr/forward.php?enc=_uZmDRG8MS2KxWFOSoTNoWYI4mZdo0SEFzsfnN5yTHekOdZSLFO61bwH4iS2vGTB26RYIsaIwfXxQYPu6m.DCJDCdC2IbyOvTP65LPZhM3EhglQDXFswnX2Is4rNCtsjLqEN1aEzcDbdmw1YTBtBrmxa2uTyNvHGL3yYTGLLsO6A=
Astotel - 34B;8.6;3;278;34, rue Bergère, 75009, Paris, France;[48.8727003, 2.3435855];11-05-2022;12-05-2022;4;0;2;https://www.trivago.fr/forward.php?enc=_FzBl6BnrM0m4uZNvTAPXXzZR7gzAIeQEyqeBGA8UMk7cQXonJQ1Gt3t0nT-wa8Nf0GsQynd7xmwiJW2ZxtQQxNMc4xLKPsBmdifBH7LUJze8sUzKyfBWK3k0ml7b-W.GV5VQacysz7JzHaoRxBj3Vz8vb4W1JsUXNerTj0YZ2lzzX49dJHezCg==
Fraser Suites Le Claridge Champs Elysées;8.2;;582;74 Avenue des Champs-Elysées, 75008, Paris, France;[48.8710846, 2.3046178];11-05-2022;12-05-2022;4;0;2;https://www.trivago.fr/forward.php?enc=
ibis Styles Paris Nation Porte de Montreuil;7.7;3;217;36 Rue De La Croix Saint Simon, 75020, Paris, France;[48.855097, 2.4094641];11-05-2022;12-05-2022;4;0;2;https://www.trivago.fr/forward.php?enc=_oaPi1mOYJvqGBi3gRQIZiG-aepKMj5I.vaqMRR9ktt6UCkCCq11DKpLOqO8IKcfQIzF65..YLno4EUMs1HtdYsVxKBHFtEJjSjTyfqKQUTmWJu7gxycgVdHobXShHV5R8Hp9PrNo4Juaj8UDomem2vzykwIZh1dBOJ1wkHjYqTkQdmN1LtGT9RHGp4sJGdGXDo5Qic2vSUu1nLtLlpmDVZbcXnA42l3toEo68.I8eNqv8Pju-9qocgZegYpF2aK5-rx5gN-Y.jc0mKJQd9C9B63iMQ8UbquQUEkF0iJAdc9X16ME3ghvYWvcmczEXKBQ0xRvE-9WZohxf9K-MKL73E94zDXl0Q==
Hotel Central Saint Germain;8.0;3;324;3, rue Champollion, 75005, Paris, France;[48.849804, 2.3429851];11-05-2022;12-05-2022;4;0;2;https://www.trivago.fr/forward.php?enc=_dTcnnGUAYALYkvuqShQunr8yTrluRPZowq.q76pVUh-.63I23fffehW1aX7DK49XlrHRJbme9I8IPl9IMFTBFLeEGDusTWKMXwlGHsCx9wlT8nFxU7svg4AWSJDjXvBMGJRAjye3sOV8PQzsgfL.KegxtgH.Z-Tu0zWdlQ==
Citadines République Paris;7.8;3;197;75 bis, avenue Parmentier, 75011, Paris, France;[48.8611455, 2.3778135];11-05-2022;12-05-2022;4;0;2;https://www.trivago.fr/forward.php?enc=_yxP1uxkTd5tMaXKJdb5goiIpSSvgixA7dC0OmkweO-MhBdfKo8MFVVCBuJK2bEt8OR3cU9AHiw7wh7qj9t2pqUhYTDvfUW0WHfPo47P.Xjo76sXwuG9uLF0bRXlQPB2rF0mMngwxBYmq6cQwEjmyW4e2vO-9cRlQX.yy2Ce-mTr7JWzX01jppQNpgqjhqmTHBc6kao-WytIcgZRunc8P
Hipotel Paris Voltaire Bastille;6.3;3;168;132, Boulevard Voltaire, 75011, Paris, France;[48.8573223, 2.3805565];11-05-2022;12-05-2022;4;0;2;https://www.trivago.fr/forward.php?enc=_nwdFR1ZPZ6KUoESYwMayDxSVdzgK879lILRJW7HSEclIB50XusATm6982NR5qn5gpUy5zJEV8JzW9cs7xpFecwLohAayzxyKWabRqsLZ.zqTaZzbRp9aSmPPQmIxhQP7uCD9CWLyVfUnJJvzeddWEOi9.30oLXofM4sgg.0-4so=
Hotel Moulin Plaza;7.1;3;209;39 Rue Pierre Fontaine, 75009, Paris, France;[48.8830379, 2.3328924];11-05-2022;12-05-2022;4;0;2;https://www.trivago.fr/forward.php?enc=_lZMULZFWiB7LT3tj3PJbgTQ2P4ZC2kGOgC5koch4eCk-g-xyStKaZqJ2zhLYHEk5IMcPaJZgUELkqiyxwQ6FqEXhOd3jTt0djlnYluZ.mkbadDzjp8RHittNh1EQmPfRX08LCkwiM9HOr.s-2bweyRGCYQ==
Hotel Monceau Wagram;7.6;4;467;7, Rue Rennequin, 75017, Paris, France;[48.8809055, 2.2989994];11-05-2022;12-05-2022;4;0;2;https://www.trivago.fr/forward.php?enc=
Harvey;7.9;3;261;7 Bis, rue du Débarcadère, 75017, Paris, France;[48.8778881, 2.2865936];11-05-2022;12-05-2022;4;0;2;https://www.trivago.fr/forward.php?enc=_-zCpTwvkGs1gV.UqVgpP9JoYYV3SmqclxX-uWMVR7EJTCDKKZ8Qh.FfKMXWwMItw6BfXYCDxp0ZzMyqONZblUaHCc1Rnm3-i3C8tHdtbgBwvGI3Q.SuBviX.HHQ1bm5YxDxdfrpYmJ727vTqzYYzI5s=
name;grade;stars;prices;address;gps;start_date;end_date;nb_adulte;nb_enfant;nb_chambre;link
Contact Hotel Alize Montmartre;7.9;3;267;71 rue de Douai, Opéra, 75009, Paris, France;[48.8837661, 2.3286862];11-05-2022;12-05-2022;4;0;2;https://www.trivago.fr/forward.php?enc=_Ps-xMfw4B4R3NMLNR2SYaYRCq34RCWoG9S6RKlveN7eWSl48xGDeo-PJ6WLVc.W61AFYX3TLCzqWoJ7KtG-zcIhyC9-XlTdYNhpxID2OLU9tT.bgQwYKGjfI6sx5PWC3WhTmh45hOU81.c.XHiBqThyc-hfFVw==
Lion d'Or Louvre;8.1;3;252;5, rue de la Sourdière, 75001, Paris, France;[48.8654287, 2.3318019];11-05-2022;12-05-2022;4;0;2;https://www.trivago.fr/forward.php?enc=_z7sxZ8AdFN-6Y9hlYjtKqgEPOYj493F2DwdIwTo6kwHpz9wQ5y8Af7g-VClIUMz.odJE4ZerE9fVxe36OM.f5w-elVQI3UPRqGZdt0CwXm6Mf17eJpWsgYe24wWxZHup98LRm-FTTenCBXOhsqQsS8qR-xs=
Hotel Pullman Paris Centre Bercy;9.2;4;383;1 rue de Libourne, 75012, Paris, France;[48.8312741, 2.3865535];11-05-2022;12-05-2022;4;0;2;https://www.trivago.fr/forward.php?enc=_RUdXCSxGutLgqwJteGUFHpQ8-bnTP6cl3eerbVZuWpZfmzzmfT526O-O6ht07RGIV9HuIrZ3S6O51ly7MN2Pn8CWSut1TDySfx8r72ETAVvk3s9xEps-1HWTgBt2-dynVdae.pj9oC5bYKC2cIUHn9OKLPUGotd8lUVErwlj1dHSoqbpxuT3ow4lluQI14gNF7gyTCigU9QaM-.HnhNqO6ABza6XPmQSZWyvFQP25kHNGnwxKErk2q5AlD0SprIsrXFWPoTY2N1yViOUjui7FEBew9G7FanF8ohdcAR3IJXh5FLI2tMd8Cf-K0tRvG--LtbnAEs-FmKMVQgtOki-k80ZRCQ=
Hôtel Villa Nicolo;9.0;3;327;3, rue Nicolo, 75116, Paris, France;[48.8581823, 2.280669];11-05-2022;12-05-2022;4;0;2;https://www.trivago.fr/forward.php?enc=
Les Dames du Panthéon;8.8;4;648;19, place du Panthéon, 75005, Paris, France;[48.8457641, 2.3448572];11-05-2022;12-05-2022;4;0;2;https://www.trivago.fr/forward.php?enc=_o4FgoWL2D4cQSBrD1ubP3Darwo-.HXz9ZYQ2ClnlV.55rRLfl0X8GCAE5gbdNAy5Sg-al3FMqYnquBsP2wy.-lgZkv3WfEQfaD23TW2yWVQIrFmBNsOd3gvLQNM.GaZVFJW.xZfh8aD7SQlXzIxM01jPEfM=
Hotel De Castiglione;6.8;4;331;40 Rue de Faubourg Saint Honoré, 75008, Paris, France;;11-05-2022;12-05-2022;4;0;2;https://www.trivago.fr/forward.php?enc=
Moxy Paris Bastille;7.9;3;215;34/36 Rue de Saint-Sabin, 75011, Paris, France;;11-05-2022;12-05-2022;4;0;2;https://www.trivago.fr/forward.php?enc=_9UqVdm1QZ111rLhF.xUzpJNirdifKD-NkKvpvEbNu3ZkwAHZq1fNWnImd3cQuSv5pgARApQ0F1iyKwdhMH5-ahv3R09KgGOL57PtYIxbYPfP6B7E4EvJa3CVFOlN4n2Ezw0ETFWB9zlcobw5UGWnUnfWyVosPO-MjUHfXKUAILSXaHTXeoXEpN7gODIM.8pMEudb26phx.dzr8c=
First Hotel Tour Eiffel;8.2;4;357;2 boulevard Garibaldi, 75015, Paris, France;[48.8475239, 2.30223];11-05-2022;12-05-2022;4;0;2;https://www.trivago.fr/forward.php?enc=_DtPqY7qPm3g4B9E1ybEOixHXrQQ97qA6ioiHmy2EMH6FulzZMBqI89N-d4m3H4LCYjf3zhvhqja0JcWZ6oj6QplzIzv5XPE0h5QGLdl.Cjyq8QvXR3V9blMceuJBZEEcuMwSZFq2Q6dEnvbiXSbb0u6XEimyRCreKhg=
Helzear Champs Elysees;8.0;4;281;49 avenue Marceau, 75116, Paris, France;[48.8691745, 2.2982565];11-05-2022;12-05-2022;4;0;2;https://www.trivago.fr/forward.php?enc=
Madrigal;8.1;;209;Madrigal, 75015, Paris, France;[48.8421286, 2.3127395];11-05-2022;12-05-2022;4;0;2;https://www.trivago.fr/forward.php?enc=_M.C2DtG1jCagx816QuRBbZd37Puos5eb3LaDyfckPxLVtdH2MBe.lj3-MO.GR-KnRk3kq6IiuLUiAq7CGuGc98Q8Voy9XOA-Hh-aKL8WFE5N.k.aC3zbhhMCqFn5Q5nWQ6qYkTuhixo6TIxaBgB77Ah3-PB-kLMY.5GMYQ==
Citadines Bastille Gare de Lyon Paris;7.8;3;205;14-18, rue de Chaligny, 75012, Paris, France;;11-05-2022;12-05-2022;4;0;2;https://www.trivago.fr/forward.php?enc=_L93y5XcJsfqUn4zQvtQ-1J.jwxn8-YRDOmfvFHTQP0HfgXQey--OJqRsfBpbhFKAOKeIOHe-TCUBJqKBJr20amEMGCpI1IinHxU4jwGSAH9TnhLfNyYK-MLncTimgRelBRGMoT-wFLecDjeJYWCd5.dcQX1b9XMB0Br7JiWNdCgGsaGZolhDfzF2XxrLbW7icCTM5o5U
Hotel Eiffel Kennedy;8.5;3;309;12 rue de Boulainvilliers, 75016, Paris, France;[48.8530038, 2.2759292];11-05-2022;12-05-2022;4;0;2;https://www.trivago.fr/forward.php?enc=_ipAUQTO9G-xfVVCxy9mSc9EtskPU8XoEGLGo4KYlxEWUd-.lxKO-0s.e2rEqJ-QcPxnXr6kO91R9iU9uZeeKkotA5DrdKsonpL4ud-Dy1dQeq-TPilRWf.xFO2Spcgny1I1ImNLpCma8rilIgLTC9CzY
Qualys-hotel Paris Montmartre;8.2;;265;32 AVENUE DE LA PORTE DE MONTMARTRE, 75018, Paris, France;[48.9004416, 2.3358099];11-05-2022;12-05-2022;4;0;2;https://www.trivago.fr/forward.php?enc=
Au Bœuf Couronné;8.9;3;272;188 Avenue Jean Jaurès, 75019, Paris, France;[48.8880361, 2.3910565];11-05-2022;12-05-2022;4;0;2;https://www.trivago.fr/forward.php?enc=_QNqNJpp2dNWk36vWB-R7fiypZrngUzSFFtxtUDLxhUA0uJrAN0DnEFUe8qX3uRYggpEJTbVgACrLZusucLARTaDGH4zkL2hHVA5Mqihn1sT6wJO6wiZl..QsWvfx1HpATwYIt5PW5q-xJgFWqFPEaVdgPxLA
Elysées Bassano;8.0;4;426;24 rue Bassano, 75016, Paris, France;[48.8690217, 2.2973435];11-05-2022;12-05-2022;4;0;2;https://www.trivago.fr/forward.php?enc=_YO478y5RJDdd4Q7b2Ot8RLPItlxc-8LKutzj.8VJ8bgH.UHQgp2mYXVwh7D8vbdjpAWpzQd4S5A2u4cNpAQXKOkUVY6-LySDMZfKVyt5NWq6qcuXajPS9ub7kOf7UPtCygSRQu6X5mDI7vCygv4VWf3AEJUNEzk1pxVtjz4DfQo0swQgfGcbJvL5m6pvPrXb0aVJSuOc1AEmuNlFcKFP.llZ8bSYM-0VPOT2yw9dcZ2ueuOtdylxCDFxMePdBEgcbNka9JyYP.E-V3RNy-olwMlEaL4ElC4gqP7UznK7rL.BMlYaIlsrnHOXjiZ2ZslkhACdVhc-YSNLNkVW4g==
Hotel Juliana Paris;8.9;5;768;10 - 12 Rue Cognacq-Jay, 75007, Paris, France;[48.8618611, 2.3040832];11-05-2022;12-05-2022;4;0;2;https://www.trivago.fr/forward.php?enc=_H3Wfj1.NnFAJXydCl.Pk-NK0BgyjkD7eZYDpZGPAxI4YEqg0F7fDZ3MVKEfyA6FR0ST0TcPtBDwSSmJex-N5.uRNA9pkJVsOiLAXRzMWnjuqcyN6PAS4.vo1VP101RpSqF2Tpmlu4CUBM0zFFV2.WLEayy9bSBy0Pg==
Hotel Best Western Premier Faubourg 88;8.3;4;240;88 rue du Faubourg Poissonnière, 75010, Paris, France;[48.8776838, 2.3492087];11-05-2022;12-05-2022;4;0;2;https://www.trivago.fr/forward.php?enc=_.bmPiZiZCiL58mgJ1l.XQtiwY8sj30zXxj7gnq6QaxlfUder7OohvGoz8TaeeCORm6Sr9shwuMfnX.4B8sv-FFzU0SuI7srzQ6NZ5HLCN95Eh9YjrMSG2Tghw5lsHPxFuH0DfGesEoOWp3sqZfU0OsQw.yp7q5i0iSbGP383BbjQ7S19l6O8lp0LUObnqP.qgFgMOmnbNydiwmanVioDsePReUyjS3ToVTCnmNEOZ4xb78ExZyHR2Yg2ZmB8XXvhJVQtzwmcaLi2doufArKteoVHeEBGiCaaccspMw==
Hotel Des Ducs D'Anjou;7.9;4;324;1, Rue Sainte Opportune, 75001, Paris, France;[48.859827, 2.3471265];11-05-2022;12-05-2022;4;0;2;https://www.trivago.fr/forward.php?enc=_3h0l7QJnks-CVFucE9F2xfIgaf079-jrIbfUDR3CmBii-9D6thpiYI.1UKtNzq5-tQ3oTsAuJMXud1VGA4wMQDw3YXe6HCsYKD75KeycFBcfEQpgUTVP0jAsioNhui.eK5Wyy.VNTnwB6BQTzdXOyKntrg==
Queen Mary;8.0;3;287;9, Rue De Greffulhe, 75008, Paris, France;[48.8730385, 2.325226];11-05-2022;12-05-2022;4;0;2;https://www.trivago.fr/forward.php?enc=_GXJpwSeSX8ts7UkVv-9jrhsMIZOuxwjdXkTyVQpFzbcPC5q0Y4PcS1WrA.3eM3a7Ig98gf6S.TR8s-8LtTSqGlIo6AQR0JC5jQPpaJr4skhQhvh-CAfqBhJcf-RLL8sCwjELv.t0jlkzkZ.tO1eq5zzfsMwO54ZG6g-pwotVXfdAFw==
Hyatt Paris Madeleine;8.7;5;854;24 Boulevard Malesherbes, 75008, Paris, France;[48.8710378, 2.322966];11-05-2022;12-05-2022;4;0;2;https://www.trivago.fr/forward.php?enc=
Hotel Adagio Paris Montmartre;7.7;3;306;10, place Charles Dullin, 75018, Paris, France;[48.8833811, 2.3426931];11-05-2022;12-05-2022;4;0;2;https://www.trivago.fr/forward.php?enc=_n4eSkwwQaqzuxF224YSd8BzhXcv71OxCXvmi4lN31-jJrBvdk1nSrdQwO5QR6No4E24cNdZBben4A9bYyFPrVKT22pjBxlnlJdsmf-t6ibXlYie40d1H-9BpwFU8ZYjvYA7V0HATOYB0Jx0DqH45.qLkAAt.x0hOkbTYZDUQoIpqz8IOXLnHgqXbgFnwgwbPg1vxQafNdzfWeLPMrbk3QkUnUCzNvbt2K2oT6O0hMGGCmy80Xr0dlGeI453jISwW3Tsj79.sGsJpvxeVbda9AbdfYqQzlXfSal0n984WoLdktQEvik.0PAxn5CUPUJH6pCOvEKcDwFRq6vEKFWKTy25NjsY=
Hotel Le Twelve;6.9;3;155;82 rue du Docteur Arnold Netter, 75012, Paris, France;;11-05-2022;12-05-2022;4;0;2;https://www.trivago.fr/forward.php?enc=_mwwpQ-Ruwqx9dkgo-EkJkv.pI9JjkDxIIxxUhwp9GM-9EBx6oStzfKXu2MbZRicOxxcxg3HkEHDoDVjEc-Du5Btya3LemYeFlsGtBWu5U4VRHUxWfGzEd7aYGwZ6X-phS.RQaGlEAaQ3mCvElakDmZLoPg==
Montparnasse Saint Germain;7.8;3;277;19 Rue du Départ, 75014, Paris, France;[48.842061, 2.3228525];11-05-2022;12-05-2022;4;0;2;https://www.trivago.fr/forward.php?enc=_.kAKfr9BkBiaVbAd1.ClrceFHRZi1BmLlKwmNWczAlUCjMYiAMbHUqNm3pjNrTNW.VLo0sTbLA9Y6Ebfm8e3.bOSuPMzGvw1YEaiZhHXrUO9Sw8t-V3R3ygUu1CJ8JDNIFkFHRHjXxhOhHk=
Hotel Mercure Paris 15 Porte de Versailles;8.3;4;290;6, rue Saint Lambert, 75015, Paris, France;[48.8379249, 2.2912742];11-05-2022;12-05-2022;4;0;2;https://www.trivago.fr/forward.php?enc=_85u3uLV7rQgULaGvdNW4pBu0FF97mpB8es2kKaqiF0Qb8DQnkgaKLeyA3uZ6tvTU7bv9L8bhVowj.5ZAVzZW2ZZdbEIAsCO751h.R5hl5zi9qDHLl0TO8jhhv8TQTz177LiKerpl-ibUhhMEKwGPBGhMbFEq0fp1sI5wKtc6A75JeWPuJQWhKSjMrGxiBUliy4MPLApXJNEswL0SdwB8BfGfFSKLlF5fZdp6f-KGHHBdgIx3YNSifmB8V5Kng3PyLq6lwAbfKjiL-Gu1URhuFBk1l9Zqt32N6HH.dEYz3gbSEQZCh4qocrLUiykoXO3n21FgYQzOoS6LXDNJ5TH-rbOF0a0=
Maison Astor Paris, Curio Collection by Hilton;8.5;4;917;11, Rue d'Astorg, 75008, Paris, France;[48.8728474, 2.3193054];11-05-2022;12-05-2022;4;0;2;https://www.trivago.fr/forward.php?enc=_16sMTyTSY3kX7w-KKMtByGfRq-Ek851TeDTxxFyd7bNw3i1eTg5T.LRcC5FoiVkuYth8x5etlZHyZDyDqcOGCZjnWONFtj5-tNAckkfZumvPM3KTgtV.0J3dGGg9KnYqwN1vvitVEFdQFRfG7ukMbYPBOJN-ZGXujHiMFI.cl87df.XQNIBrSgk-BUkAnBQUlDI9tE3ERj0yPg==
name;grade;stars;prices;address;gps;start_date;end_date;nb_adulte;nb_enfant;nb_chambre;link
Dadou Paris;7.8;4;418;10, Rue Troyon, 75017, Paris, France;[48.875931, 2.2955425];11-05-2022;12-05-2022;4;0;2;https://www.trivago.fr/forward.php?enc=_vLxKZdbxbadqCaE8iTSlisp1IZ7Df4CUcl0vLVDb8n8j22npy6yiT-Z-R2FsmiUQbRGrEZyUe.ZuYXKp1764w-TedisA00apLFe.p3CkRcAxdpAMYJRIW-zPGRcJ6s-ZD8xPrGW9uzYCY90.D70=
Bonséjour Montmartre;7.5;;234;11, rue Burq, 75018, Paris, France;[48.8861758, 2.3362193];11-05-2022;12-05-2022;4;0;2;https://www.trivago.fr/forward.php?enc=_K6YzvaakByooHx0mEeNzcDioEkCL4LvXSl0AMh1NXzbLUO5wN4UPDeXOYUHrkJ3cprlZXB9B5HjuWD511lt5BYO9WNjoExsOr4QfRavjYPVXM.q1BcJWZIJkp9AP3tuMoZtq9lfT1ewhLEBKciKEhxyTjZgqSYXI9KJONMyYBw==
Maison Albar Hotels Le Champs-Elysées;8.3;5;500;3 avenue Mac Mahon, 75017, Paris, France;[48.8754433, 2.2945078];11-05-2022;12-05-2022;4;0;2;https://www.trivago.fr/forward.php?enc=_zWF32U23KLAe0W5iu9658-1opE0Lr5MzBV0p-v.CtvYUJsXK6py1g9HHW2r9169L91XpHWoAiDadwA3KUF.zyiM8e2fv.LxL5x2Tp0Z0SDSdCinX2uFQYZ9BTrjcDcoi9gzMfFSTwU3qXC7Ailr17J-2vepnjbwpz7wQYBrlP7oYMB1KjOzPiD6-Yelg2w==
Hotel Claude Bernard Saint Germain;7.5;3;281;43 rue des Ecoles, 75005, Paris, France;[48.8489711, 2.3468259];11-05-2022;12-05-2022;4;0;2;https://www.trivago.fr/forward.php?enc=_48tBaoMfjBv4KkTFe5W55Z5rYTX6BH-at9DcspJiIfYD1KAzV-Xatk8Pb5D1NkIExxqjAmUE.19vlrg52wOhVBEAcxPvFQjIFY4LihHihLI7DKw88hwQQCG6ZU973PksUI6y94BY7Ck8rhaC6M7.CaPYZNaFYs6eMkSa-NVFwixG
Villa Lafayette;7.2;4;290;46, Rue De Trevise, 75009, Paris, France;[48.876072, 2.3456393];11-05-2022;12-05-2022;4;0;2;https://www.trivago.fr/forward.php?enc=_NM24fjpupfiofUCuaCw40ncOXo0jEBxKBKPkN37v4C-zPSaVeUzWjL5auFEagNN-vQPNS78cMj-gzgtoROV2L5hFbM21aAaLpn-TuN1Io1PDCwVpB7.PrqfYvCKtwL9waFj8rLkR5JHNzArPcLSaUeFqNOrAnqVr3Vs757Eh
Hôtel Mogador;8.4;3;269;51, Rue De La Victoire, 75009, Paris, France;[48.8751645, 2.335548];11-05-2022;12-05-2022;4;0;2;https://www.trivago.fr/forward.php?enc=_VHdnKHLGwZr.0GaIgNkdZBeql6IVE7AlkpLeGvlJnOGPKop-9V-jKZ.yci5ZYT1I-jHXIyoTcVjBSeltReb.HTQqgRSCjTKJohQG6dDw61sjLiuGQN2HdR5cHB9HEmUAxAH3mTxC1J4Niwb4M-zbID0=
Hôtel de la Terrasse;6.0;1;100;67, Rue Letort, 75018, Paris, France;[48.897294, 2.3441067];11-05-2022;12-05-2022;4;0;2;https://www.trivago.fr/forward.php?enc=
Hotel Tilsitt Etoile;8.4;3;221;23, Rue Brey, 75017, Paris, France;[48.8769777, 2.2950339];11-05-2022;12-05-2022;4;0;2;https://www.trivago.fr/forward.php?enc=_YfKIAb6KnP8ZK1lvhDOZJ0w6WawMrXEFdnJD9oUECbc44rv7Y6vQ5slRXhweifhEjJ9kszpiH6SFpMeZj1IIvBWfAoU6K3-9f2O3ay-jnONNsZMICgxl.uVSpwPFBHuPAqTd-roMBlNxKc0ZxsFM
Hotel de Sèvres;8.1;3;397;22, rue de l'Abbé Grégoire, 75006, Paris, France;[48.8482715, 2.3247459];11-05-2022;12-05-2022;4;0;2;https://www.trivago.fr/forward.php?enc=_Jiejxppq8Llz7mxbBV0xwUpcUDgd6coIw4Pp12tXuCa9fV5dfs3tOXgg0sU1.0U96bC-JKaT2XEAXN8Igug28T0pnEecNS2SncgT5mYb8..gVEpIQ0mkBuDA0WW15TFK0nyTUEDygPZrLdUbvJvphfSYnlg=
Jenner Hotel;8.4;3;207;10 Rue Jenner, 75013, Paris, France;[48.8344365, 2.3640119];11-05-2022;12-05-2022;4;0;2;https://www.trivago.fr/forward.php?enc=
Grand Hôtel du Palais Royal;8.7;5;1 033;4, rue de Valois, 75001, Paris, France;[48.8631129, 2.3377752];11-05-2022;12-05-2022;4;0;2;https://www.trivago.fr/forward.php?enc=_L8hjCBCaoZ67XJQYZkrzEl9Bo17Pi5HRMkwNR-Y08LBG2k5djpee75ZkGUSS1Cn.r6liduIy5pA40xaehZkekXYAhueGweEIL1UWS6ETuAdkUXaWLC0LaVY96TVS0VeLZFVV1-Stu16-AajBTWExGYW2MyVZvm4HYg==
Les Jardins du Marais;8.0;4;279;74 Rue Amelot, 75011, Paris, France;[48.8604916, 2.3679958];11-05-2022;12-05-2022;4;0;2;https://www.trivago.fr/forward.php?enc=_Dwa42NIWt7Zf0Hlbk74kwdJs.RlztuAC9XKujSOrs-uQuJceaTIo1I3xIrmM.bE2b.FEMkPRzgbPHeReNx.HzBEJ8Yc..N2CkAeIaoexZ6Fv5ylW4Z.dGFVD5p6lyEgdoY8epst.bbilS-Ort344zrrEyFtBH1fIqCyKlDMouABkc2Cc-T3bnX.FKnBnnTNMfjgxfbkxhbF7dalpLJdZ5GjrGdME-ecGt.cHW4JDQi4psYJcBSu8g1nWccQbPc2BBiD-hkLmmGonFK6oC0ckD7BoZoLiin4jCKpwRz8YuI6oYOS8pZFTBjguGKDsb.ke1coqo-UcHOi9Tsh-Y0UkDYnp-vY=
Hotel Galileo;8.8;3;503;54 Rue Galilée, 75008, Paris, France;[48.8713712, 2.2982201];11-05-2022;12-05-2022;4;0;2;https://www.trivago.fr/forward.php?enc=_zQPbKpdR1wWz8zQDUavQS9Ai-293r6RQbY.ygM0PV9ah1nvO4Iqtv-Kxfnuwz7-ZVZbKYZ8LpVxBfoG1QB9Ntp2Hp-RRtJQAxGuFYk9j8k9CGQgPGMzW1J2cEslNQuaJgDxYxGvcVC2SdS4i2R7Z1jO2rDlh2UpHGD2G
Hôtel Saint Germain;8.7;4;615;88 rue du Bac, 75007, Paris, France;[48.8547311, 2.3242436];11-05-2022;12-05-2022;4;0;2;https://www.trivago.fr/forward.php?enc=_7Kk7a2Rj5yMhju2KG2gpvHUQUtpVA3K4xM9sp7tc8R7vzjr-.MVGqPxewJ0VeAAvrsZmH1AhjirHY4cIw8ceuKn2vCcQXvq5pdRsPhEp7eS1tYfoOFOMTIjISlH-HICFSOFMbJz0XKgUILgTtqyUE0-TVLi7wKo=
Des Nations Saint Germain;8.0;3;300;54, rue Monge, 75005, Paris, France;[48.8448008, 2.3521483];11-05-2022;12-05-2022;4;0;2;https://www.trivago.fr/forward.php?enc=_gH5IhbbI1ZNsnXJ5k0KrZusgwzmJBKuo4bXEKCvV1cggNTukw6IDmIhFVCAOzu7eEwI8CMjen9lanA2bT5d7npy1iFOWzX5LCZnV2oIwVnD6R8Tqy4mwgGHtNZqQqVIyBva9yMqreWTjZTh-4XcC-kwuirGbYNAkWxX.JrynSYThH.7A8tQF
Novotel Paris Centre Bercy;8.4;4;262;85 rue de Bercy, 75012, Paris, France;[48.8388735, 2.3806315];11-05-2022;12-05-2022;4;0;2;https://www.trivago.fr/forward.php?enc=_8L8.pA2OnibfsAewTWZGQBFIMHajcTxvlgJ1LOlCx3uKglhoiQoYzVE5GLlD1rPHMjGN3i7iTnj51pJqVNuKBiwBcibfq-jbgO3u2yu-YBA.mLGxX1rXMO0X3iUiFzhXr5lgFWpGS0LriOpOmUq8MyoHHgT9a5Ix-A8kww.bqKnu6pnbhE8fB6PIFEiaPBF5i5QTlLQOj4XOlg0yLOUI3FsddV46Q2tFzipjn5UzdCR1ogV8IBrJoRaYjyxEcmtx7wRLzug5ic0QOHucQFg-bOSglm0HP5hnAa8p-X0LS9VtyNV0yp2f6Ps2C.G8Y6hVGENdxArLT0RRselWWWjgvIiZZF8=
Hotel Saint Honore;7.7;3;371;85 rue St Honoré, 75001, Paris, France;[48.8611819, 2.3436118];11-05-2022;12-05-2022;4;0;2;https://www.trivago.fr/forward.php?enc=_Wqvdo6BccPW73yOTQ4Rkr7A9Lw08ZbfyT7.ptTBG8eU9UGNoHufnVdvL7B3cLNqQSUYkQ7CNToVWudMcwStqSy5RP74Boy7SVEsUfjIdteWXy4x8XT68nY78m1hFErWy462fBbm2cFcP.O4yHipK30V9
Hotel Suède Saint Germain;8.0;3;280;31, Rue Vaneau, 75007, Paris, France;[48.8525686, 2.3191695];11-05-2022;12-05-2022;4;0;2;https://www.trivago.fr/forward.php?enc=_4QfU54EflqoIpmuSiZgxzauheOiVXW2C4ObsClmyhu1MaP5-VTriSvOXi8OX4YITzSc7u62r-wcPKQ9U36jWVgQknje7MZqcUAUZnhaC8llJ8yqSEC7CqBl.ZPLhzmZFBthWb4QH3vfHi0V07pHTE5PhFAqni2DlcA==
Hotel Elysees Ceramic;7.9;3;279;34, Avenue de Wagram, 75008, Paris, France;[48.8768405, 2.2975344];11-05-2022;12-05-2022;4;0;2;https://www.trivago.fr/forward.php?enc=_oekXSbelGXY31F-OsRItWIYDl8gZ3lJ4FiO9MF0XJ1ChpTQpAsrtaQcmJf7R8PSxcEKbXWIZ2VG4vB1beoPz0mb0cPRny7EfchhD8zNYku-os3-DNg9BRVwjI5PYJrPXXkyg0xiYj02ZuryLCxatOyHniAdzVvZwq0AfC4FzVrt9jGIzWWYGtSwfXaj8CCvdD66ZcLyEergnqMQGQDa.GGR.1wbuyub7jdIiYtkmHXBsFVh9FQ65Lr6Zay1rhXdTYFsVZOPUdZvXmt0fMaRybKPrKwyDCWhD1wbbFbmDuVwckMzQupncq4MOjYN2bwK0TVddPFdd5.vfRw==
Aparthotel Adagio Paris 19e Cité de la Musique;7.9;4;199;28 boulevard d'Indochine, 75019, Paris, France;[48.8859486, 2.3968532];11-05-2022;12-05-2022;4;0;2;https://www.trivago.fr/forward.php?enc=_slJz8EQ.I45kCjfx6FiSwyaLYpwxGRYHCBuIH0bKXgvwIGUP30YSheYezJvNrU8pHw7icaD8zZmC6O1igQfHryvgI4S1BbZH.5SHmp8FmLCJe41EMXsZPtv-TOpyuAnSbTINP-Z4d7Ij8.AHLS7U4S6F
Hotel Gustave;8.6;4;666;34, Rue Viala, 75015, Paris, France;[48.8501315, 2.2890804];11-05-2022;12-05-2022;4;0;2;https://www.trivago.fr/forward.php?enc=_pEbI4r8p5iuLcRfrx1PeAkkoodKaquDH.V-WnlHalK9yU.IrnwrtGdqFgItOGNbv9EnIlzep6PVuYSMRNFpwvcS1gw.Yuh998Bvp7oceqKjDLimU9TfeFsF5DIV36pR3DWF6-KnSxLGJBeI8RJkZ2tM=
Hotel Hauteville Opera;6.7;3;174;41, rue d Hauteville, 75010, Paris, France;[48.8739595, 2.3504866];11-05-2022;12-05-2022;4;0;2;https://www.trivago.fr/forward.php?enc=_4PdCk3yJ-6tf3gsWoyqxP9x.ZUloKcSUd26JNLjb9A6dkouDI9Af58TduaUgFnpDhpT34M8IJRxxSNAa9VhYf.pj5zEDJxAcnBICgTQOzAjQlpbrTGtTx6cazZFoqlAspICpaW-rPKeY2-XMRickmg==
Concorde Montparnasse;7.7;4;285;40, rue du Commandant Mouchotte, 75014, Paris, France;;11-05-2022;12-05-2022;4;0;2;https://www.trivago.fr/forward.php?enc=_J2aZJ7GKQyAeX0218GpVhslehaA6I.j9YEqyRCwl7OWL3D2A9fgA2vjpT2kDhuMjL5Wtck9i.0tJqA6qMb9tl0.kVxAPPVBVnY9mjKHAuwVdQhj5oxju0SqHzbVeKGfxyoYET4Y4WZMeFW0MxC8hXrKJCkk4xAEt5Eg=
Citadines Saint-Germain-des-Prés Paris;8.7;4;354;53 ter, Quai des Grands Augustins, 75006, Paris, France;[48.855279, 2.3415674];11-05-2022;12-05-2022;4;0;2;https://www.trivago.fr/forward.php?enc=_K2DNlxrlTjvYzCE5hv0L-k3OjTV31fPoaLcx8h8qFvdfZMOdmXOIH0VeqSL-qTt7WnvQ.W2ZCVnSz9.ZvU31IUAVhIw2-jVl9wxJ.TyogCoImSHyHGA0709e72JNlMUXuh20DtCaUxzn2v4U-7UxEvlNFLLKyinEzoGrxUYCkecWdVGSYDyZwvKEPvB9cmlD3d-t6f27ZpwECizuPg==
Hotel R Kipling by HappyCulture;8.1;4;247;65 rue Blanche, 75009, Paris, France;[48.8820656, 2.3317006];11-05-2022;12-05-2022;4;0;2;https://www.trivago.fr/forward.php?enc=_Ar2RMiQ8FNELxI1J32lqzp7T121j-.oCGJttCMS2hQ7OpauCzKRyuur0BU5ODhruYmWTIFKDhAawH1PZrp.M2RM0-4ahaAy9nW9hB-4baI0QxLjQfC0KpLsPECg2yWF4esWd35pqXgli3SBrPE6Gefuxi1l89dA=
name;grade;stars;prices;address;gps;start_date;end_date;nb_adulte;nb_enfant;nb_chambre;link
Hôtel Albe Bastille;8.4;3;235;66, Rue de Charenton, 75012, Paris, France;[48.8494146, 2.3744447];11-05-2022;12-05-2022;4;0;2;https://www.trivago.fr/forward.php?enc=_2YjormWxfCZDYc5hrT1ivG-6ViolEvqclbCisCKde9RKwG7gpBqaOlVxAhiR6Ga1UkRPwqH3t6W4DWy-5AQYSk3662qxxg.oeJabiuKrcRdJGcgRIh2ixxT3PvlI9QZFxXwXsM9Ru-AuTqL.prNmKUbblcgqjc-4OfBENU5F
Art Hôtel Eiffel;8.1;3;361;136 boulevard de Grenelle, 75015, Paris, France;[48.8487233, 2.2983505];11-05-2022;12-05-2022;4;0;2;https://www.trivago.fr/forward.php?enc=_Ma.H-3ave6XMKX1iN6dT8Ab9s9LISp6n68qk1z9v5.OWDFWzrIzfkTcZNH0xw7pXassYzX9fAfCKXfDhXKcPqSAs3md3e4PvDIweu-poZepyHPu9-MGkfp2tTVaBoMh1Bf9xrTmPZcjhZa.OQTOKew8DM03vo7OPyUhLnvzNv3pXBJbegL3PZbCUqVoMbhlkZQwG2hs2tg5uwkjB4a1Li63H8DvJtnD0BWbTNibw3uNrbsCln.SXXJ6Ix9uLG9k9D6MQWgwjlOS0OH6h5BdIBVjdE1jm51eWctwKjbJmcmBWPjZLKQ==
Hotel Pavillon Bastille;8.0;3;384;65, rue de Lyon, 75012, Paris, France;[48.8508146, 2.3700319];11-05-2022;12-05-2022;4;0;2;https://www.trivago.fr/forward.php?enc=_Q67n8ojx9q1arzir1TTyinhGm71xsMGObb7kVFVZY-xh-HOMvQ8MV0akwOOQILDavnp0HGO.M-0JxCjTvRY7eXzmqmbx-mbCM.kPRUVXJJGi.cTKbFSYWfqdxxBJw38m8m3STjqERcF.e.7XzB1qmaqk723V
Warwick Paris;8.0;4;398;5, rue de Berri, 75008, Paris, France;[48.8720198, 2.3031735];11-05-2022;12-05-2022;4;0;2;https://www.trivago.fr/forward.php?enc=_kVQJBMzsIkedYDM5hxK7kMO-OMty4Vz8HOTfBYCUKss0if.aJCEXMKAttqrCyGIFPIojDmxh4mrNmE1fDJ7lS1Re.79p-SoI5bH-6Ib3.GX2T7B3g9jsFb7BRvr6NUU-tczPqGi-ISE1aJw.LH6MPi4HJ53zpV78lYDwjmiHXrslEpo=
Bastille Speria;8.3;3;342;1 rue de la Bastille, 75004, Paris, France;[48.85396755, 2.3675499565294658];11-05-2022;12-05-2022;4;0;2;https://www.trivago.fr/forward.php?enc=_--Nc46KREnUhIJU-TX64pQm.-0lSJOtFX7-ES2TL4Rm7MOojzu2zkwxe0fJUNNe.6RpXWz6PsUsbw.cI5yuXuNG7kZxLtQmPJmNgPFWd80wH02h05snFm8-vikYmx0zJeNADHgBsX9vV6SN-3Uu4U7niBHDFmvx08saJF.APQ2.xlSmld5rHv.pmD-AQcUBtDc--q0CJZTDuww1hragqWgv8I4GGROS4D6uzAHeP8hcP8w32OVPyoWdATQTRnrSc50NM6plhHarRrPeTmbtd742Suw4=
Hotel Best Western Bretagne Montparnasse;7.7;4;212;33 rue Raymond Losserand, 75014, Paris, France;[48.8354462, 2.3210972];11-05-2022;12-05-2022;4;0;2;https://www.trivago.fr/forward.php?enc=_tZbjpNbbgVej6CzOgKkpcZEyVjdEo2pTxOJe5-uvlOaYn-guCdd5Kuojx8x3uMKJANpk6qdR2uCor7iQ81NR491hVQkBk7YdjUe.jy7vqZfI8h4qDhMg8kd2lIuTBrnVsF6ug4Mg5OwGL.xpQb5W3mw42LzzO8stiVOjQ6b12i7RzcnkUFOrwTqIjJmuadUwkllAkzKOFHAAIIvt855K3CFx
Arcadie Montparnasse;8.1;3;230;71 avenue du Maine, 75014, Paris, France;[48.8344162, 2.32402];11-05-2022;12-05-2022;4;0;2;https://www.trivago.fr/forward.php?enc=_ig1PlW1rRS8ZvtfAnz0LlbOMIxEOW3S5yi5dW8.Kg3AO-4N8QDvv3DMRcfktFQCZ-f2F3EzjtOUlWsxZgct3CXsTYNS8xRJ8hag3xl77kRHAiIim23LKv0T0xAC1uRUkHHH0CXohSRDEYB7GlDwkyA0=
Hotel Sofitel Paris le Faubourg;8.5;5;1 595;15, rue Boissy d'Anglas, 75008, Paris, France;[48.8683727, 2.3214441];11-05-2022;12-05-2022;4;0;2;https://www.trivago.fr/forward.php?enc=_2kDYkd-kEo.F5DRG1O-KZ62WR4lY-8VZNwEB4nCPbpWjhZmsKx1dJ6AN3bOwd2MhIBHO5YhrhB7tqZl45UNAGnxuuGRQf3hJkfSY8zWr9JZCpsvpN5bvvEj4OxpmlFFZ3nt3v5qYw6vA-.AL0t8lKRXbRYZdzHCD-GGwQU1YIzyrMWgFngNAsAxpoNWgIKzCxAqV-hz4QfIezVQW-kZLDF5YIZY7kPjCOr.mJ1drWzcamBo379yMGD3r8RlC4ZKrB1FHJ2Mph.p0BfTzqMwv6r6kVH0Jw6w-n5wpa9fW.4hGh9jT2RR--8-b6amP1N89yl1.V4ThkeFnJvd2sqs4kKLzx97E
Ile de France Opera;7.2;3;256;26, Rue St. Augustin, 75002, Paris, France;[48.8689262, 2.3347211];11-05-2022;12-05-2022;4;0;2;https://www.trivago.fr/forward.php?enc=_.UmMOXY7F1ikkEQjV8.Rs896sAO4vF2IsPAZLS5vuLjsD86ipzCStdfsTef5UUo3yfAL6wPVub8-SiCwwXV0sOdWLFVLUdFo9H2K5yBnNx2cmC9XbDhyM2mlv0RzstnTJMPqXKqMWsZGbc6uIs01ywGxscOoFfdam.4xmQ==
Courtyard by Marriott Paris Gare de Lyon;8.7;4;343;209-211 Rue de Bercy, 75012, Paris, France;[48.8404941, 2.3788359];11-05-2022;12-05-2022;4;0;2;https://www.trivago.fr/forward.php?enc=_WOs17INuecZp4y831VaT-32UkUnn5n3yoPSBu7rvD1EknSnLGq2lTKgAkW2WPiA98.oh7dI..6R6gE9UpJ6KTvoSeOpLqTvB-N5IoJo.0LKTilU.X88gdVgOCo59wGG2eIGADLWVlipQ9Tl8d.pgJ0GwCEI7Paqj7.B55DsxiR0J1qHeevfUO1lqJsdkpliH0oqJXtmZUuXfABdJF.bUdvr6V7sSuHv5
Concorde Montparnasse;7.7;4;326;40, rue du Commandant Mouchotte, 75014, Paris, France;;11-05-2022;12-05-2022;4;0;2;https://www.trivago.fr/forward.php?enc=_HepzLDybdl6jZY9DYqsTqhtkOvgGLtkJr6WTmHQ9fVPeTyIsomPNb.HCohvM92peRzolF6GK2BSeUoIvMDqoz9DSKHGw-Vr6iaY.i2uZdOVpw40hMR5vdyh29qecRI.4mjiw.fdKHJhCu8G2wiWYG2hQb2Qbi4fZkIM=
Hotel Maison Axel Opera;7.8;3;248;15, rue de Montyon, 75009, Paris, France;[48.8731151, 2.3433356];11-05-2022;12-05-2022;4;0;2;https://www.trivago.fr/forward.php?enc=_ck67rFfHSJ9HVH3uTHhT89IGuadSsps620mo5mQt684Kjcpgkp5y.3SxSD.011HAJHfEEDHbAfQNLs-618c6GhiBvfRV6uTaZQ1ig61wbtEknEp0tLK8lMN29xwit5KC7HqPeeoot.ZdNmzKZU-UWe6H6KwG
Novotel Paris Centre Bercy;8.4;4;262;85 rue de Bercy, 75012, Paris, France;[48.8388735, 2.3806315];11-05-2022;12-05-2022;4;0;2;https://www.trivago.fr/forward.php?enc=_LEWFatNVukvFsrQz.GW6YV1Fji7Vs6ob2iKlL.oIrfrh53LGWfBBFonRUsDJlmqODnRR6t5vbg4-fHd53cfD9qAwEZuz6QdzR7FL5SSsCgiodrk2iToa6DoecFMxyV6wmxkAV3I3B-hdnn7E55TgXdlrVzWOPMPnuq1KOxVc7VoQjKDAD9JVtAaRsQXXqGkZWKZAohZSLb0t3OP8DDjXPVDqvqJn0klhJrG3KIw0I9PJW97OC4MRZ7e-g-54zNvt1W7NGBYDtQC1VuQNMibEcnvdImXvZiUGmyi9sNSAjBFn.FDR1UI5wicu5ze2XKi5-YAMwmkIroxyN6ir6zKfP81Yafk=
Hotel 29 Lepic;8.1;3;233;29 rue Lepic, 75018, Paris, France;[48.8856322, 2.3344588];11-05-2022;12-05-2022;4;0;2;https://www.trivago.fr/forward.php?enc=_EJSLQ0IpFwLtpRcqs80U5CV-wjAMIkFKKw8Tw-Ulj3Iibiz3u7kQvFsun91XtsS6qhLTpzYjzRNhTFhUDptz1IiD9uuarAXeRAiXOCa64DdhbQcPKDtTVJHMr6pZU0w4P8pFjVJ0OMTWCv7m
Hotel Duo;8.4;4;575;11 rue du Temple, 75004, Paris, France;[48.8580962, 2.3529365];11-05-2022;12-05-2022;4;0;2;https://www.trivago.fr/forward.php?enc=_VD69V0sglaiveBpPnmmsZlW1czo6TS.G9AReEqK5lT0syKwC5aJ9k35QboBV21ZJmKGXQDYLMDhI4Zwul4N10CWvH5O5mK5K0mPKEkUxgeVzoVMC--KqOxYun36COKVZYwAQUmjlkU1CPG053d.8YQ==
Hotel Lumieres Montmartre Paris;7.8;3;261;110, rue Damrémont, 75018, Paris, France;[48.8940276, 2.3368109];11-05-2022;12-05-2022;4;0;2;https://www.trivago.fr/forward.php?enc=_77UTU5plRn2KjyC2CVE-ZmXJYehNcHy9fZ4A4DqTveLVt8cC4R6u47qqNc0mdFfASCWn2q7nFZX.56B-wkYaweIhQzk9y7G8f4ouiNPWJEoyGzGDZRxKAH.Ox2JMy69GklpffxOO6KnXzY1KJTd1jockyQ==
Hotel Elysees Ceramic;7.9;3;255;34, Avenue de Wagram, 75008, Paris, France;[48.8768405, 2.2975344];11-05-2022;12-05-2022;4;0;2;https://www.trivago.fr/forward.php?enc=_zbj2.jAojDg6HEmRmPFeoCxDkoAo86LsAMMhoGuB3fjamSvLJ79PTOogVrbIDKx2RKqCJnESAXWwZ8h-VzS0naGFWRp99ATwUtW-xKgTs5m-xlSF.ADd25BufYlFaD-SDLkuJ.zjzioMhQhuDDqlSp7G8fau-7HHLaj8GddZKRcXmM90.bTrtAiPqxT-PoG3-kGWzSrQN68vkawIxBE0d5BBeeVRIcV0hezAo4NjiP32n9RGTgr1YkgjakDDAriJEDSS8PXHfXjNyvY6UmiFFasLWiUoyR3-D7RjfjKpaZlSSUQuKJlJmehILTl7ppYPiUWwgvDQWSJa3Q==
Maison Breguet;8.8;5;515;8 rue Breguet, 75011, Paris, France;[48.8566733, 2.3718892];11-05-2022;12-05-2022;4;0;2;https://www.trivago.fr/forward.php?enc=_iDyPMf0RZVgoLNIsC0qFlWd2HBBgaNClXt46ljcRpv0WJzUAVJqB3M4OaQ2CCGNELkbubsZJkidoTtQ02fsLvpOjrDpCdCT0VoCScfk3uh91h7YAgnwzGsZswafxj.FWThwUVsWHJa-8jGK9sZWTgfbV-q2Y6FQ=
Hôtel du Midi Paris Montparnasse;8.3;3;201;4, avenue René Coty, 75014, Paris, France;[48.8330243, 2.3325486];11-05-2022;12-05-2022;4;0;2;https://www.trivago.fr/forward.php?enc=_4a.J93HCkNM9ZQbfjiti5bVZ5g3ullo8s-0rteZ3Sr0EoyiF07z68Ro6nFsNPP9coaD0RqAnY-KWKLDrtREXIsdtPVqYV88tfziO4U7YMDZKMCSdkPUWOb-fQjRPr43Bu0dAJnEC--3EfnE12ZiXImCzVk4K
Best Western Allegro Nation;8.0;4;227;33, avenue du Docteur Arnold Netter, 75012, Paris, France;[48.8430418, 2.4051424];11-05-2022;12-05-2022;4;0;2;https://www.trivago.fr/forward.php?enc=_pAjhhYyNnWnN22bj-4sBxKW2iXibf1HBBed.4gtviPViH8Kzn7.Lcl2jGHeOJM8QKzq2yZH4UOZA5n9J5mLD550J6xl1SCIMTArbeRHdIznvJQzG060yoiPo9snWyqhAQHbLhqIxTUk.7HQP8xGBZCTHgP0vZA==
Citadines Bastille Marais Paris;8.2;3;229;37, boulevard Richard Lenoir, 75011, Paris, France;[48.8581858, 2.370908];11-05-2022;12-05-2022;4;0;2;https://www.trivago.fr/forward.php?enc=_KkIcAaD7.OQypKEGPycsfwWSwVKrpk34OVXCczPMMsTWdRVBACEAQwE1x0fjV2UqCFoIKuyu2wj-S8mhpbKA1lr2cwRYuIHhEUqgfbmIGNJBxW.bD1pXa9GVp7V-utno7xfPUqoN7R4IgCtP9vnB.evbzVxzyh1xHpQB8Icqf45t022y9dLdTp8LJks8aI6Z.QvQ4ZW0xW72Xr8=
Hotel Montfleuri;8.1;4;278;21 Avenue De La Grande Armee, 75116, Paris, France;[48.8765906, 2.2855479];11-05-2022;12-05-2022;4;0;2;https://www.trivago.fr/forward.php?enc=_LZl63L2bJF8uXs9D-WIrUCuOTiukbh5INXSrYYe9wZNV-hS8IZxSS9iye2fYjI8jw5yNraSFopMuzyrz3QbxXhEel-KpVeYEitd9WTFlWIYaPHtsdQ6YbOcJQ5o6rt6mMHmMeieCU4NWViqnwCaBRTy64R8EImoNAFxD
Astotel - 34B;8.6;3;278;34, rue Bergère, 75009, Paris, France;[48.8727003, 2.3435855];11-05-2022;12-05-2022;4;0;2;https://www.trivago.fr/forward.php?enc=_YBe3PIWdjtjT.-.mSaFt1G5K-wzVGyQxUiTCHmYD01QsHIoUekEpVqjK28caOB8PHTN3PxcC5niXOJyKj6BfOWLzdEwAVwddvUT3H5kXSYAQQs9.j4.0KKeRbXh13j0WxmQjY9IFftoiy87OwUDH-JpNDwD6hgdP4tNpFPOcYdL6JHyn0fq3WA==
Jardin Le Bréa;8.6;3;376;14, Rue Brea, 75006, Paris, France;[48.8428926, 2.3298403];11-05-2022;12-05-2022;4;0;2;https://www.trivago.fr/forward.php?enc=_iFb681Lq0ZsF9wve8uVVJZ7xElDxQa.CatzLKBt4mgJHRpkjgQYpfJbn7qkVUlaiCYTIfkhIiehshRPQf-uTrBO4kWH.7ikuQgYn.1OVNW1truQzbmy57ML09cY3529DWPzY5BsyY-cCyqAu0j3NY9OqbC2X1g==
Hotel Elysées Régencia;8.0;4;369;41 Avenue Marceau, 75016, Paris, France;[48.8686672, 2.2985546];11-05-2022;12-05-2022;4;0;2;https://www.trivago.fr/forward.php?enc=_9VQL7LEVzKi-KSDgDBSO6EVUmWlJLEP3PFPK9hNdTxUrN2zXM79BdtPkhb8ZWI2uPigpBnmhYgjT8ApntEHuC6R6f1c7jVu-xgoTEFii1E.8uEQ4I4t2BF3qIpAnMLoR8SSP40Bpbwzbnm8Qp..7Ai0=
name;grade;stars;prices;address;gps;start_date;end_date;nb_adulte;nb_enfant;nb_chambre;link
Hôtel Villa Nicolo;9.0;3;327;3, rue Nicolo, 75116, Paris, France;[48.8581823, 2.280669];11-05-2022;12-05-2022;4;0;2;https://www.trivago.fr/forward.php?enc=
Citadines République Paris;7.8;3;197;75 bis, avenue Parmentier, 75011, Paris, France;[48.8611455, 2.3778135];11-05-2022;12-05-2022;4;0;2;https://www.trivago.fr/forward.php?enc=_apaOPJZFop5J2u5ze9ob0yqWThHJ5TG4EBxEsK5AlPVSbGEuimLT2YtSAqg6P6NWRxB3pgmF8sUsxMSXVxkvuLSzJzy2ydJCUxwaEEPBUu0PGqYyEsI322rOUA3oPVrfHyX2Sh.A9e4StAgl1zXpDy4rCV8lSTm4GL-jvLhCaqOQ9Lthzy8NwjoOeazQSlZtjOsilnpqyXw5UMAeqbJk
Holiday Inn Paris - Gare De Lyon Bastille;8.5;4;344;11 Rue De Lyon, 75012, Paris, France;[48.849502, 2.3707401];11-05-2022;12-05-2022;4;0;2;https://www.trivago.fr/forward.php?enc=
Hotel Bastille de Launay;8.7;3;423;42, rue Amelot, 75011, Paris, France;[48.8585802, 2.3685321];11-05-2022;12-05-2022;4;0;2;https://www.trivago.fr/forward.php?enc=_jVoYNauDEpnxRfg9HW3sq.eFGntoCSKk1nQC.gS8JoYvUUBHGvLTyE.1f1YJNBW8JhTl5-T8C.kxwlxdSJh5DM3Sm5Kvj4cqvPAw8nP.0y65MZR4trdLCrl48Pc1xFGgOJIewHf-ZqkZUW46uXY46a6U6-taBaoTYnhg4msQgpvC
Hôtel Barrière Le Fouquet's Paris;8.9;5;2 182;46 avenue George V, 75008, Paris, France;[48.8710995, 2.3012603];11-05-2022;12-05-2022;4;0;2;https://www.trivago.fr/forward.php?enc=_6UZ1U9opWSysh3dcUu6RJYBhxhZeBEEZLOQktKTawF.xArPKaT.HVTHCqMExqcNgOvkdZEKepdiZND4suRy-t3I7sx8mR8JYAnj76nbRU.yGZhvchf-l5C6ZjfH-bGSCyM98y2Jhz5sH8Vp7zlu99ZMETz7DAX5rSMJsK1RaI5onupF3u1lFoZsxeO4ch4ZuWd3jJg==
Hipotel Paris Voltaire Bastille;6.3;3;163;132, Boulevard Voltaire, 75011, Paris, France;[48.8573223, 2.3805565];11-05-2022;12-05-2022;4;0;2;https://www.trivago.fr/forward.php?enc=_TpCCERW.ncklEKooaQmsrDq69QJ9a5gzeppiSgXLvC9H96db7.-c59H7dsnfNQ2tzdNIeOciwJ17BzyTkyKTHxXDEh8EIalnQvexPrwScb3E2SaT-I.4TiY.0SEy52Wf3RcwdX4b-D-GtBKyXFtzOk0gVzcMKDRd75EWbr475LA=
Montparnasse Saint Germain;7.8;3;277;19 Rue du Départ, 75014, Paris, France;[48.842061, 2.3228525];11-05-2022;12-05-2022;4;0;2;https://www.trivago.fr/forward.php?enc=_rQDwyjpQkXzl.ilbIUflpq1wvVSgKqpfhpgQ8.DydX38Bn7ibxs56U1K8Cz.K0TLOSwqFgvrVOProWAfhwacCN7CvB3yVy08tp7OUoEIhzrqJ4d1J6rU-0T3FtoXSYIZtsFA4dz9FLplclE=
Hotel Elysa-Luxembourg;8.0;3;362;6, Rue Gay Lussac, 75005, Paris, France;[48.8462051, 2.3409533];11-05-2022;12-05-2022;4;0;2;https://www.trivago.fr/forward.php?enc=_7wmD1zkFTb-pibkEomwWVjph1pif8.HaaCqqBGIEQsE-ppjaUxlcqhzs8CLEqKhib3C34xYs1aeuFXEu3b7936a4MdbdJPkzP.wU2dWEvKz.Idix7ZTKj2WHwCPuti0ITmhHzYuNQXW8uMx2VB.MpldBYwno4w==
Renaissance Paris Arc de Triomphe Hotel;8.9;5;551;39, avenue de Wagram, 75017, Paris, France;[48.8770077, 2.2970587];11-05-2022;12-05-2022;4;0;2;https://www.trivago.fr/forward.php?enc=_GNYvq.O8umxdcr5EBXwPWnypEpNSXPEOV-3Xa4QHmqwP6wRhNy-8lIMQZBDtPnNWCWZejVBkiDD2DjCfEuKcGvJNEPRJ50HUDgHQIdrrUvmNMAzvYPWVWNWykFX14UB9fSkILbIXAMpUm9Nnl6N4GSPijaV7zZo=
Hotel Aida Opéra;7.6;3;298;11, rue Richer, 75009, Paris, France;[48.8739883, 2.3467597];11-05-2022;12-05-2022;4;0;2;https://www.trivago.fr/forward.php?enc=_.FkNeG98R6uVxWGUv520Uf-HhQ.-U2eeOMv7NGr2wvHepE.9pP8f4trscG1uevI9Wm58NyRHwv.kTFPz.oM9AH8Ea5tboduqoUoKFQIAF1P6tMjP3Z2pdpFPrVTz0X.fwA2SDY.Yujikbq40FayX
Hotel Tilsitt Etoile;8.4;3;221;23, Rue Brey, 75017, Paris, France;[48.8769777, 2.2950339];11-05-2022;12-05-2022;4;0;2;https://www.trivago.fr/forward.php?enc=_hvR0yAsB3K2fBrjiixU9MM6reiednV4tLRYRT47u8luWuTum7zi8knCCZc.k.a36BtaM7sYsTVI3meZuT0VNVjKxpw.24NDiLt6CySJOLnPEftsWvn5SbDLVxH3uxxpkjOoJEBkteeZ4PMe.cFH0
Parister;8.9;5;488;19 RUE SAULNIER, 75009, Paris, France;[48.8753155, 2.3443779];11-05-2022;12-05-2022;4;0;2;https://www.trivago.fr/forward.php?enc=_DNs3B42FP9oGLf9Y5y1Gtd21ejk47k95wu1eAtpIJZd4KWAInkFvMsa5RQZmuVkNF3B4q1PAxMSAbLhiQLzuH-r8r7Z.ECUOezG6HYPBU85OZZ4gNbZpKfBE7RiwPodFl.Bya8PNQvQzo7HxvlLrjxUKoqKlO-0=
Hotel Du Collège de France;8.9;2;422;7 rue Thénard, 75005, Paris, France;[48.849874, 2.3460995];11-05-2022;12-05-2022;4;0;2;https://www.trivago.fr/forward.php?enc=_bUIYDzoPiogU46wmmhtmAf5GV3njsHh65Vbb6NZSESquZ59pYu-2X3TOaQQ49pZ5-Kdp9pAM-evZwBh9KfJ-c741M4IWk1cgBIts4KQQYWKfU2LR83GIkErd9RuFbwIrhRSow8JLywiP6vzJ.tisrCmsVqblge7UJc0zMJ33gw==
Hotel Villa Saxe Eiffel;8.7;4;391;9, Villa de Saxe, 75007, Paris, France;[48.8496686, 2.3097165];11-05-2022;12-05-2022;4;0;2;https://www.trivago.fr/forward.php?enc=_b55-xzARatmwWgr-q414QJFDyxq1o.Fa5JTxIjqqXih-AohZVHjz.itZ7Z0y9e-R9LVvepzfQfjdiUMxsfadNmTwYJmT1CEvBkJ7QtGBfmJqrFF0qCbAc6uTOmV9qMIw6oFG4u.HxB1H2aYCBjvhPPoU0X0OZw==
Residhome Paris Gare De Lyon;8.8;3;275;47 RUE JORGE SEMPRUN, 75012, Paris, France;[48.8420629, 2.3840466];11-05-2022;12-05-2022;4;0;2;https://www.trivago.fr/forward.php?enc=_9-cVsJAVVsyhg8Kblnu6QA1xubLPOQPGpj55boN82uHa8GxXF5-b3hLvACdzcVKH0FtPmD4yoaf5Vj2GydnU9K4MB6D-J54FA.r65lB9fBuG5GiGaWt6KMZGE9qawUYiKHoBUNdaB4iDASOP.FCBOiRFmwLiyB8SBIMoYbltbz3Y4HVJ4KHUfOFlPjkC2-pgGuhAwjgSCQtHWMsPCjowmcU=
First Hotel Tour Eiffel;8.2;4;362;2 boulevard Garibaldi, 75015, Paris, France;[48.8475239, 2.30223];11-05-2022;12-05-2022;4;0;2;https://www.trivago.fr/forward.php?enc=_AxKQlOf.JWnYTqBGfKEhAerFqi0xaWT.wk6EMaDge1deyG23uz8QCmtTY5cFlRNwkMsE3YporLglCCK-MksAsVhAWfZFJEv9wPcUwqGTlSmTQez2FLAa4bqPnJCGYBFNI1Bp65aVQ1-BzD9iQ1h2xwlZxbmJV.7xIh8=
Citadines Bastille Gare de Lyon Paris;7.8;3;205;14-18, rue de Chaligny, 75012, Paris, France;;11-05-2022;12-05-2022;4;0;2;https://www.trivago.fr/forward.php?enc=_fq3FcT2GRIxHx1yOhVk7kdzl2NO2KSx8N9uafdnemWI6F7DvGlruuwtksig6SteJ33pVnwyo6VGumjca0NfcazzElKZs9nmg40asev7sRwOsV7ysEHhvFuZHd-x91cP8aGfcVJcpwWIRgikQQCY7fv4L8-7WjBcyQdUop1IyHou2UxaaZAjZpkyRGySTuYT4YqqoJMrO
La Clef Louvre Paris;9.1;5;942;8 Rue de Richelieu, 75001, Paris, France;[48.8655708, 2.3367043];11-05-2022;12-05-2022;4;0;2;https://www.trivago.fr/forward.php?enc=
Helzear Champs Elysees;8.0;4;281;49 avenue Marceau, 75116, Paris, France;[48.8691745, 2.2982565];11-05-2022;12-05-2022;4;0;2;https://www.trivago.fr/forward.php?enc=
Hotel Prince de Conti;8.1;3;297;8, Rue Guénégaud, 75006, Paris, France;[48.8556889, 2.3384129];11-05-2022;12-05-2022;4;0;2;https://www.trivago.fr/forward.php?enc=_Ejff3oI.tAcs6eBiapnD00d3-mZ.rQwAfXctNHugxdx8VLmCk5rUTiukLe..-jxPlPAqM15JvPlHG-ZTmoFHs9LPA5kH3pR0YmZ8TGycH.DUidFUX5ZnnYMzvYm89Wmqfg5k2HuPxKkabOEhgBFETPzn4VL8
Hotel Eiffel Kennedy;8.5;3;309;12 rue de Boulainvilliers, 75016, Paris, France;[48.8530038, 2.2759292];11-05-2022;12-05-2022;4;0;2;https://www.trivago.fr/forward.php?enc=_RfucMrphw3EVfkvD4a.ZOO25J2r-.C1.coM-DVg6qocF0GW5T.xzFdxwy72DvbepDWBa3aY70yMpzX8gg8RPEh3Tl5kRSLS.tlfmCZcNdgHbCIfgngzaI6FQi1cdzfUV7d-4KieG2qlEdYOUElpnfrjw
Hotel Monceau Wagram;7.6;4;467;7, Rue Rennequin, 75017, Paris, France;[48.8809055, 2.2989994];11-05-2022;12-05-2022;4;0;2;https://www.trivago.fr/forward.php?enc=
Lion d'Or Louvre;8.1;3;252;5, rue de la Sourdière, 75001, Paris, France;[48.8654287, 2.3318019];11-05-2022;12-05-2022;4;0;2;https://www.trivago.fr/forward.php?enc=_3dzwQyfMeLRWM1I2i2EMYZNVCJJKEWzM7M43IDqydOcuijVsdk20wFN6Poni9-KeExGztbZ0flrnsmPNbNMFopHmsOZmRrV845QiXmKPgJI5C42.NV59lqwJPU9bFUUiKSIpIuOfjWjTeNJVoKurDywPpNw=
L'hotel Pergolese Paris;8.1;4;356;3 rue Pergolèse, 75016, Paris, France;[48.8757511, 2.2863398];11-05-2022;12-05-2022;4;0;2;https://www.trivago.fr/forward.php?enc=_jW5VOAEgoq8VfmXkvZiZaNK.pFH-rnsRbDZzqecrqRxPZYXsQJjYM0E4bsy9S0k.dh-5RSsvyhV.dLWadc1uuSWI4bNt4NiH8QDvaE.QGhw36CJ36-jpvkYDIEKU.4mK3ZwPTzgaMdCsWXocJkc54A==
Hotel Le Burgundy;9.1;5;1 626;6-8 Rue Duphot, 75001, Paris, France;[48.868224, 2.3256304];11-05-2022;12-05-2022;4;0;2;https://www.trivago.fr/forward.php?enc=_GZlypTZALrhW4vSlkvhrRXmW1oIK293A0MMVuzlcfg.Di3ABnrHgMzdEcYUr8IU04Wj3SjMLGFKt7m.yL0qsKE8YRIkiY72Npa6BHccWZ44l0X1zTr9eOAFUEEfr17VcEL7qiC9nRCaz1QNJIW-fGng-cjqGHddDa4kcCDgfanxoLlCs3MPQxEuX-cpZ1NBSMap2XLK-xk-xKvYiYLpD-5W18KneUU9mHFqPD21gd9vS4HHy0qGeVJymWycy3rpEJiupn9D5U8mMQqilMiYSr0xRz3TJaRiLWMzfTlxJzuo2e.tmI57NU19jYX90gGH1kFzR38xKcuMVA1ovdRVKAMiVs6BVxg==
name;grade;stars;prices;address;gps;start_date;end_date;nb_adulte;nb_enfant;nb_chambre;link
Hôtel Windsor Opéra;8.7;4;272;10, rue Gabriel Laumain, 75010, Paris, France;[48.8734367, 2.3486148];11-05-2022;12-05-2022;4;0;2;https://www.trivago.fr/forward.php?enc=_qibVoxIQLkE3D4bM.tLfwoh9gazp2ZwP002pBWqdRhCNyhrjh5qypzsnkCxLg-YLgxYoSAOpniiMXQS0HSjVx2JMock1A-3l-R94y4QjVGT54Yzw32nHp4el0vc3H3MkSoL0aNH9xt2cgLBDNwni2f0=
Best Western Premier 61 Paris Nation;7.4;4;249;61, rue de la Voute, 75012, Paris, France;[48.8465151, 2.4102522];11-05-2022;12-05-2022;4;0;2;https://www.trivago.fr/forward.php?enc=_ndTlGv-1mQV8M7YUxJU-OOq9VrirCnTrLYLylR6Ejsecrl4KPIGcl7D9gn1LzUFSJ.X5KFIKg3DwPtWgpiQt2VLCRUrXosnZfJt5TH7hLmrJKYi6By1uNjLbOIyk7MCsNVsHpPXqS1RjiSHG62WsN7LKC.Atw256LmX3WypMiMYmzck=
Hotel De Castiglione;6.8;4;331;40 Rue de Faubourg Saint Honoré, 75008, Paris, France;;11-05-2022;12-05-2022;4;0;2;https://www.trivago.fr/forward.php?enc=
Hotel Mercure Paris 15 Porte de Versailles;8.3;4;290;6, rue Saint Lambert, 75015, Paris, France;[48.8379249, 2.2912742];11-05-2022;12-05-2022;4;0;2;https://www.trivago.fr/forward.php?enc=_8WzxAseQeMIbQHmB1SL4JsnnEj6i0TKER2jziXCJNZ9Ovcwvj1NtItdZjkgZBBaRvzTzlarrKLbNn5yNYdISDKJJsz17KLs88TyzA7D8sHCLwZR1sHUD4TpCd6sRfEp16qMdznjevfeLn2fV.C-LQULt4pxWe9GMdRF6eTMmOCmsaksT0dOsfRDglrwQenX8v847L9M9Vkc-ubAKVTbsP9UO84prq4KioTzH.obkboFdmFWh0HZ-aIjGXS9w16YM4AxibxvDMO9vCISUuuglzgtaDCk5pTQ.0iz2NfkB93dcRZ81Up9JNvVFpH1AmFUdC2Po01UDLNa5Lpd-kfKRgpXXSVw=
Hotel Suède Saint Germain;8.0;3;280;31, Rue Vaneau, 75007, Paris, France;[48.8525686, 2.3191695];11-05-2022;12-05-2022;4;0;2;https://www.trivago.fr/forward.php?enc=_lqdwezcR5187b.UgxKKKYIQYqo09mVNp4q60e.iOvZKsgMrHrCBce-c17wcG2SNkOMlDHc-.p67LbGbXyYN-HdS.7hqgPKqORR12xYARlMWLZxdxnGPmvy18ejPTSaxB8Of2Z7zx6iGSKBhCZulR25N2.1FFlzTfZw==
Hotel Moulin Plaza;7.1;3;209;39 Rue Pierre Fontaine, 75009, Paris, France;[48.8830379, 2.3328924];11-05-2022;12-05-2022;4;0;2;https://www.trivago.fr/forward.php?enc=_AmcDDg44.gZXvgXalKTlIHuyBtHc7rxKtabasZFO.oPBqYTZFCw07MtAoYMnuW4h1oqx22fUmbxXTHTGiibS.9mx1npteULKEJOuqoDPEXOZ5PXMu5dcmqKRqLnvqY.e6itNQszPOy9n.cbfbciC.OAivg==
Les Jardins du Marais;8.0;4;301;74 Rue Amelot, 75011, Paris, France;[48.8604916, 2.3679958];11-05-2022;12-05-2022;4;0;2;https://www.trivago.fr/forward.php?enc=_x5DW3KYQqA3m13kzNPfMj9DGXSsw2Ihjc5yOXvQALSBbOq59iZtbbXm826eIp5Ep0aEmb-DYx0boSJA-lkgljFoT45XdVIrsBAKF6rnxy4bxa56CCphxO-BptoPJ3oY6HHfaZsRsqZwk21-HgVbCdMeqof-mz8dN6j8F0XFUaWx5DgBbrv9Kmx.XBM8rH9dCUn9qAHCT5TvvNbSk1EIXERyd2hVOKrbqPX7H.OsFark3WDkpYrklefG-SZiTZWUqNT4UaudtEXHmDIylVkafR-ElQsbjkmQ1Lt2F1foHhA8brR8f4B1ykO-3XuZE.PfU9j6I7lv-TmVF0ykBT1EzvcZyxt8=
Aparthotel Adagio Paris Nation (opening September 2019);9.2;;274;17 rue Lamblardie, 75012, Paris, France;[48.8406754, 2.397897];11-05-2022;12-05-2022;4;0;2;https://www.trivago.fr/forward.php?enc=
Hotel Chabrol Opera;7.3;3;188;46 rue de Chabrol, 75010, Paris, France;[48.8771944, 2.3511106];11-05-2022;12-05-2022;4;0;2;https://www.trivago.fr/forward.php?enc=_QTjGfKmwa23Btq2WUE8cXmG4HpkPKw0OZ0iHlAw1T0RsQ76RU3JrIy61YKL2nmFXtrSTzWPi61nBTl3ad6Lzw4j.I9aPiGbDPlv.eymqCwtYxP9gAnlMOQdSivJB306lnAKPAbgrosgR7lzU9lZHqeB.Tz08
Hotel Adagio Paris Buttes Chaumont;7.6;;200;3/5 cours du 7e Art, 75019, Paris, France;[48.8781466, 2.3868251];11-05-2022;12-05-2022;4;0;2;https://www.trivago.fr/forward.php?enc=_5JxCO1O5jxr9jq3SFB.cJdPu.mLIIMxfwjK8JFwX-s9N6NqxhGlWtczGsrMIDNDf6-dZ26bXANIaHjoOXDLYaogmEWr3zSqrc1tOioeHWYU0uH3lfrR4CIvpzPbHYbSVeXYTlFOPulKJd67ny10-XZ1KgqEJALpLfChS9gQeJ0iWRExePpTwRSnjqxRnmX02ghMhJD.Pg3Se1oNnLp2CTvYGsn3D4GF0.055TnAQevFLzHt6qDBg.n7V7zPUACODkpi5e4qJ2l8ejaLq.AudWhWcXI3HZx3BY4MFg5UnsWMd0c8pVHHFJVNBJKqqWRXSp35KlD1.V.ykEGU6M-pI2TU07Yg=
Hotel Etats Unis Opera;8.7;4;475;16 Rue d'Antin, 75002, Paris, France;[48.8690667, 2.3336474];11-05-2022;12-05-2022;4;0;2;https://www.trivago.fr/forward.php?enc=_6r5ZvIb-3IZ5NaGlchwgRhb8CIHJptn-SPjj0DZm2jDde0IvFYFhUN1u6nR9Uw3f89UK8tXd1McUvAEwnsMLBJVEo-paexqxjq8jT.n1XLZ7DaOM2SEStXx4XDABi1ecDBloHQpAvNFKIWgDui2U4axYYLl2thtv2F8fag==
Hotel Claude Bernard Saint Germain;7.5;3;259;43 rue des Ecoles, 75005, Paris, France;[48.8489711, 2.3468259];11-05-2022;12-05-2022;4;0;2;https://www.trivago.fr/forward.php?enc=_XlH.TnRi2s-wioM1fMEIJSvPx72QWRTRIte6W5xENHtW5VOXEayBCSuKRqrwQ.59scSqd8uClj-O2Xv3XzNeIoY3NKwAfidxHbzzMj65sfVbxkW0B1kp8o3O7lL3auEOOoLSlu2RU2ksQ5yOsf3zoLju07Kirxrwv-scq4KuKG-W
Hotel Central Saint Germain;8.0;3;324;3, rue Champollion, 75005, Paris, France;[48.849804, 2.3429851];11-05-2022;12-05-2022;4;0;2;https://www.trivago.fr/forward.php?enc=_So3TVeS4exfoyPjiMXOQZ1Ybv1Vto0vw2Qw5t0SxUTRApnOdnLhfBgbOw97HwIj7I86nCtoTxtlFimM-BPvu3PtyUH8Iikd5KH6FHy0LC70ZB33QJs3FHPDReRSbnrdhCH4.Go2oaFKLXE62LihGergY1lRh-br8YQxFng==
Hotel Du Parc Montsouris;7.8;3;182;4, rue du Parc Montsouris, 75014, Paris, France;;11-05-2022;12-05-2022;4;0;2;https://www.trivago.fr/forward.php?enc=_GG-eGkAqFncmlB1O4CCDbFZNIOmkOVoBaXx8T-2TOoZxGJpLTznHdX0Fk8DsI81Ot5Zbh.J9pBH7NVdUL7k5jcjOzgwtyBY5USyweM6NqbMgOoUnVmj6RGATtpP90-C.pLJenvr2YDpEozLwmMGiqH7HuebWKV524GDhW.gc40YQ1tXRlhUaMg7Fz8.vqNsYkM52yy0=
Saint Cyr Etoile;8.3;3;219;101, avenue des Ternes, 75017, Paris, France;[48.8804644, 2.2855946];11-05-2022;12-05-2022;4;0;2;https://www.trivago.fr/forward.php?enc=_ufFcFiBTONS9gk0ZJMrCe82rpnaMUhF8.d9zVJ9BmTocmlLHR0mtmxQzfsvX9IpG-0Sx7npUY5TJchQJGX1Z60lO3iOhfyxyZgPzImcJ-Zygn3x673WFy0G-8Ili.fTOewNb7j1JWu6f7FI.3mV5SLvNuMla4ZIUNg==
Louvre Marsollier Opéra;7.9;3;448;13, rue Marsollier, 75002, Paris, France;[48.8681735, 2.3346756];11-05-2022;12-05-2022;4;0;2;https://www.trivago.fr/forward.php?enc=_t3H9.E-YEvmv-cRWnhEow-g0p7ueoDKgNLFNUrvIMXMqs3lOMnLoOhdmOaq4wq2YpBWtCwKfPI5dNSkrnkZgvF8L7SRd0yir66XmmaShdmrDe6Y-waL93ANB7v2MLUsneF7tkZDNjvbffCHA6ugMnbcmMJjK8v8VNUY=
Best Western Montcalm;7.7;3;232;50 Avenue Felix-Faure, 75015, Paris, France;[48.8408925, 2.2871223];11-05-2022;12-05-2022;4;0;2;https://www.trivago.fr/forward.php?enc=_MwD6cc4KQQWC3K1lFnitPpFJPEll2bAbFtE9Ik5W3ypfIej6QC6L.rIyhx6tUWwwjN-9HYVPGcWOuHoheRtoMvSA0BlZ-pMOAvFUauqwSUsiKbHHzXlhxFV8bKBLYdSdliA6pyok-U694pn3W0RkDHHz
Aparthotel Adagio Paris 19e Cité de la Musique;7.9;4;199;28 boulevard d'Indochine, 75019, Paris, France;[48.8859486, 2.3968532];11-05-2022;12-05-2022;4;0;2;https://www.trivago.fr/forward.php?enc=_QRXVYxGVUlJg4i1zO0qhgrtXvE0n3ZR0c9SVViUKnA3tQP90FyGd81.9niMSaq2V7cxhY1gdW-jvTb9iIQtuxRgdARZF6b7BO7auLJq3BD4qWHFWsK6RM0mLydtkuhEUARn67RA1NDWoMswkQwTmyDf5
Paris Marriott Champs Elysees Hotel;8.2;5;794;70 Avenue des Champs-Elysées, 75008, Paris, France;[48.8709709, 2.3049746];11-05-2022;12-05-2022;4;0;2;https://www.trivago.fr/forward.php?enc=_MHt5rALcWpR03Nn.KM58oZK1K6IOIRf.HMosSNVTB2OQFcF5OXQZ.2dsCeRp9NgXHzZQAjqLO7vH.mq0L6e8l7JdmRJQpRV3v7Oau6pyNrEYusmybj3PyiRE45ngya3dYUKI8ut-rB8q3lH4UmPfEvulRAxZ
Hotel Vernet;8.7;5;966;25 rue Vernet, 75008, Paris, France;[48.871859, 2.2978478742600164];11-05-2022;12-05-2022;4;0;2;https://www.trivago.fr/forward.php?enc=_vdQP1a-dbzDusEj0IDiaJUAzZ75KsQpql.rsxiSD3b-lT6nfp35MN2MOmGJAxHR0YYVRbeedRabqHDNx6ePTnlbEoo2IdHDOD6dMU77pbJEg0hb59MnE.uGu26fND0ndy-gAVgTKZN.9ol4IUk5dlGxhDw==
Contact Hotel Alize Montmartre;7.9;3;267;71 rue de Douai, Opéra, 75009, Paris, France;[48.8837661, 2.3286862];11-05-2022;12-05-2022;4;0;2;https://www.trivago.fr/forward.php?enc=_n5YoKEqzUMqUwM7GlCSAc9yCezqWFt2qPVxTuxiRt9IRLDpfZgMf9J75jSlbvjU31L.4lgNZx7Sw5ZTeJXPpydbsQtjmFV.YN5SXvjUiZ.TT8jFy5pg9UGwQqJ6yrj.lcS7jKblvWDS4AL7SWoUsrZls.Suv5g==
Hotel Le Lapin Blanc;9.0;4;432;41 Boulevard Saint Michel, 75005, Paris, France;[48.8505424, 2.3428452];11-05-2022;12-05-2022;4;0;2;https://www.trivago.fr/forward.php?enc=_vNHzErBgU6vDPV8pNXCzkjRgOV90cK6psNHorvLZWMEbtVPYwu5bH4yhBTedIPzMH-S.TaMS27L3-wfn4MRtO4JHzYC2ZVwR6DrBEqtwp5zcXFv-pQkYZmTID2OFxXYjKqR0sU3.rF0fJJyCD5X7z.wjk2IIURQWHlN8vCItksTrunzitCbHW5HxRlbtAYby.jH.g6KB22R8uDV1YeJPFqq7peE2KozZac8NFPcb13O9J-sM1zlk-l6Sg2EPS6DChwkcRyEPUVYolvb2-EcOLj7UQ-NEzKOROALsUJtOp2vDV5fAAWEIJtb4KWLZ4a9qMkyq0xlZsqY=
Sinner Paris;8.7;5;1 265;116 RUE DU TEMPLE, 75003, Paris, France;[48.8667878, 2.361948];11-05-2022;12-05-2022;4;0;2;https://www.trivago.fr/forward.php?enc=_HES8mXErpY-OZUH3VoUi.MUSQ8au4rRtiOPETxs0irWHu.UaAW57Ha3T6DIK1v3BHheP4B2i18m9uDHZpWz479gQZQWV4.L16ykrE5se829jO4GAkR5gbFNlunlvcsg3tZQD3gA5sESJPLucNVhJ7B.80Q==
Aparthotel Adagio Paris Centre Tour Eiffel;7.2;4;268;14 rue du Théatre, 75015, Paris, France;[48.8499587, 2.2851697];11-05-2022;12-05-2022;4;0;2;https://www.trivago.fr/forward.php?enc=_p8xfO8op0t9zwn8H-ps9Dkm0SFCldZtNewzdEgW.JbZhl-EryK-mZMxupma87d-AliuY3tZmvd4WQtXD5qVM0ZXlfceLqdIpF5s1lquHWzOEaolC5kvuT5N0GSsWZFiRAxxupM7OBQhg9dmigISZbWnNqHWA9u.AZxHWeu9aCC-rlbj6ULPsM.xXQyd3tUJqQYCGX.eUXnbwt2ALq6bNdoSTsmfTwWRg7jvxKSQVdVmgIx97VbTV2EAe3wTKACpEk00DHk4b8OUmF5gG9SMwVMdu9oWvKY4dzzJMQv9CVwhvQSSq0Q-SLJbmxJY-tEJtoBTjDeOSwMGmA6gR3MP.JAYHHdhi
ibis Styles Paris Nation Porte de Montreuil;7.7;3;217;36 Rue De La Croix Saint Simon, 75020, Paris, France;[48.855097, 2.4094641];11-05-2022;12-05-2022;4;0;2;https://www.trivago.fr/forward.php?enc=_-xuENkwWHlHkfOZT-whzXskbi6onYxi0scz5McDBRaqJS53fv-nufzbk4M.FW4VvqX2fuOOfeWV4NNKpTmctu4vwnNH2l98ZJcMZVWhhVUErC01a7OwM7717-18fqR2aja-E6VdGZUPmNhziaGIU9IvE9xnBvqv7HQzaZTAPGuuRsGnKMx3CJPMj8.sMo8ATY.9QRXriS2d4ophfgpx53uPriMTwrBNoNKKs.JrctOe3D6g5L41mNhwH0Su0hIALQ.mA68QRAiGUE5Eq79MOKhr7HxLMnVerwYQArOikCL6ajw76GCLRuCyOV1SHxIZ98rPFSoRJRBoJGu3Ce6g8RgTqfOZ6Lg==
name;grade;stars;prices;address;gps;start_date;end_date;nb_adulte;nb_enfant;nb_chambre;link
Hotel Champs Elysées Plaza;8.9;5;1 166;35, rue de Berri, 75008, Paris, France;[48.8736403, 2.3062624];11-05-2022;12-05-2022;4;0;2;https://www.trivago.fr/forward.php?enc=_DJ8rDgbmpbdR5JA6xMiMb-ImeTt3OTmdHkaWXHcLR85V3owqTAtVl3WYpAnpoRmWoaT9pe5Gf6a0yT22X2ovG4-hjNRNUGMNcMGEO3Y2YoV6Njb1Vw0nQHI10TV03E8dhk406yBzHWp0QBf2HXAxTH.m7eUB02HAdg==
French Theory;8.3;3;252;18 rue Cujas, 75005, Paris, France;[48.8480383, 2.3421457];11-05-2022;12-05-2022;4;0;2;https://www.trivago.fr/forward.php?enc=_SVxTMYujyBV8rcWjhD2xX-Yv7yyZAzi3WwnfTIoCrNVmmZid.BtSD0asJe.6NQWFIpTPTQbSOD8ik87HNEFA2Z5iUi0dGR78UMqfL-yWJujHgy0esvEa5BgFMKNOa6Cl4U-.WstO1JCUkA6NkBMr
Joséphine by HappyCulture;8.0;4;378;67 Rue Blanche, 75006, Paris, France;[48.8822895, 2.3317891];11-05-2022;12-05-2022;4;0;2;https://www.trivago.fr/forward.php?enc=_Cik5UIEQdYi79AmXb.vYz3pJ0eoHv0xxkhXk6XiSYxX40H9Cmu1l5UvQlQzZO1.jMf.Ijqh.A-cXV5x5G0jWH4e9Vrd.a7Z5GuwGDyGuXfamhn4KFXJR4.yk0JCztONAdBYMZ0RuXWSubiTSL01IkkqUIYYwYg==
Jenner Hotel;8.4;3;207;10 Rue Jenner, 75013, Paris, France;[48.8344365, 2.3640119];11-05-2022;12-05-2022;4;0;2;https://www.trivago.fr/forward.php?enc=
Dadou Paris;7.8;4;418;10, Rue Troyon, 75017, Paris, France;[48.875931, 2.2955425];11-05-2022;12-05-2022;4;0;2;https://www.trivago.fr/forward.php?enc=_Wgd3nwvuJ82rEes4or1osMjaeOPP1CMVH6xCCeoQ-A3tWe50HZe8Vf2xFvaH9e8l3ssKg7MwDXKhjABNHHyVVboT7wdBvCk4eYB586Xjq7uHowU7xUzbb9YO6BCYbRnhJaZ.odqE1bmy.PMfspk=
Queen Mary;8.0;3;287;9, Rue De Greffulhe, 75008, Paris, France;[48.8730385, 2.325226];11-05-2022;12-05-2022;4;0;2;https://www.trivago.fr/forward.php?enc=_SqdBrGF2j5sMAug89v5mLygJOTkiwumwXXACNsnbUfNpg-zdkE5LOfc0tySwZuRqhVrgsWKo5mRxsSxwLunez7p4VUhsS8j1fhBj2A1nRKWzPH8KbjoNNREz5W4IRoO3X6zHW0Oa8UNAaXPzjRaVLFmwgC-dpjYIpuC..LdsQ2IGOw==
Ascot Opéra;7.2;3;272;2, rue Monsigny, 75002, Paris, France;[48.8682679, 2.3352408];11-05-2022;12-05-2022;4;0;2;https://www.trivago.fr/forward.php?enc=_AKzI.ayQEoH0kGWjw5aLMPsOSbWWt38Rf5XInyRYinmzHqd1STxlune0CHJsyKHOtV9Qrj2bhs49IymNVgX54XtAFZHOwx4aTeSH2YQPKKnY-IfnuQELOCivJQMYvuUjWUO.K4VLDcHIcbNTf9atqQyxh6fRPEsyaOtFH5CfHj0lJl8gMlQl7k9KQpgRheM=
Grand Hôtel du Palais Royal;8.7;5;1 033;4, rue de Valois, 75001, Paris, France;[48.8631129, 2.3377752];11-05-2022;12-05-2022;4;0;2;https://www.trivago.fr/forward.php?enc=_YPFsk.Q.kyfolYl--2PLk67O9AHCN8UUoU-mneGnXK.t2N4PtFwbw3boP.fmlfLvez2eoDxxeNb.sT6cBYEqtC8UWo-jZeSeHmOZSD0wWgeO5ZCrCkldL8KFjA-91qSCDt2zn.LMzwxkcqdiNgEfZXm5T.Lz00VpdA==
Hotel Residhome Paris Opéra;8.1;4;367;30 Rue Joubert, 75009, Paris, France;[48.8747313, 2.3290603];11-05-2022;12-05-2022;4;0;2;https://www.trivago.fr/forward.php?enc=_xA9txUTKx5ZEePPjA8iYtz2U5x9GuHTq5wICS2uxUyUQaWNPQ7JAAVxoPTXazLnr7lnWSGO7oI3w4SU7h6nXATJsIG8j.6Hp577mrFeZrxJjc4XKPYyi7Dw3WleMSm6TNSFyPterosWLQz6U4.pg1vM4S4xG2Fi53UlaSVFQaL.LBM23yinGYJBP-5k5DWcoMpLqoQA5owMphjPoSeLt
Moxy Paris Bastille;7.9;3;220;34/36 Rue de Saint-Sabin, 75011, Paris, France;;11-05-2022;12-05-2022;4;0;2;https://www.trivago.fr/forward.php?enc=_DS4RU0Y2VmSt2HQ8iPrVt8AwZfYf0HAECm04NkuMOJ.nuqFwtM96-Cgt-w-7PBcY4N0sryBQPztX1gEmK63szmszzX1mfO6AyEfCLM7YL7ve01G6VF-.wtaIQyGBUiyX4KIoyW-cYxOnKo3VKzyB-keNhK06VcfvfaDtISCZaOvXj3-qIBeDfZp40z4mQ.l1dNIqzyDtnhrXsHs=
Aparthotel Adagio Paris Opéra;8.0;4;297;43 rue de Caumartin, 75009, Paris, France;[48.8728329, 2.3281715];11-05-2022;12-05-2022;4;0;2;https://www.trivago.fr/forward.php?enc=_KJxvVZcanlvoPwOesrqOSRpxjWxT9T1URarhxa4jZo0vCp.4KOR7POsx26cwXNaN8jQKWu-4DBk8PEHl0ezzddpdZ5rrRaFAzerELv8Z.fM8BfmwcmGeJSoaoK0nonXTWao.4f1Sl5bhssiNFewNIR7BfhGVPCUBksRFueZeFkoiphQ2uTJvGLr-UbMQ6mq34lfl0AH.YqMSlUYRzXXb3g6s6yDiAsOQWaTznNk684e2fNlLZjk3y4sI3FLBqZSDcgQ-KYyjO4.aCs1x1nUO5gueiiNJ0gWlFbTfIHcm.ipFNUjL9pVYXRlAr4k3FWKYKMxQv13InvMSVQUDgBaiX9Efqc-b
Maison Albar Hotels Le Champs-Elysées;8.3;5;500;3 avenue Mac Mahon, 75017, Paris, France;[48.8754433, 2.2945078];11-05-2022;12-05-2022;4;0;2;https://www.trivago.fr/forward.php?enc=_BWVydpnXRYUmcDOAdaNP0u.p.s1yzO3rcHi8us.Cu9wA4IlyzOZ5NN0Ll1suqnArEnw0ZhquToY74W.EIoVy5WFIHTgSekdlNab9KCOc6Cw17-S59GKBzfDLlwP4s4l8c92dpH-Hxb7f8.9bxogWP2UlV6lYvyyJmXpPd5nK28UCpgGQI1QdMjTgPjRvQA==
Hotel Juliana Paris;8.9;5;756;10 - 12 Rue Cognacq-Jay, 75007, Paris, France;[48.8618611, 2.3040832];11-05-2022;12-05-2022;4;0;2;https://www.trivago.fr/forward.php?enc=_7CDwsWeBUEjllDbor2fu.lo47hZzXISmxrmiWtSaKNZZX0biTkxzxNiA1xxITiBja.T43jZe55WwKMqj2SVkjD3F2Nyn8rlJWmT1JThgaSXL4ONb2Oww5OeBbjgZpaLvX6GwRIp6cVaePOOrvlsXAnV7eXR-CikfWA==
Hotel Saint Honore;7.7;3;371;85 rue St Honoré, 75001, Paris, France;[48.8611819, 2.3436118];11-05-2022;12-05-2022;4;0;2;https://www.trivago.fr/forward.php?enc=_HL618lzvXZktmQZGpON1mlml3lN7fMdr3dH5nb1QyzqZSNGn4iSwkMLjoCPsHaKGWJi26.3V0v5EgX6ZEKlDyUp.MDEMPO-H4sGBxVGdDDvTfek2oBn1YIFTX7ToDUN2USDHm0m.wcAk8NsViy4WXJww
Grand Hotel Saint Michel;8.8;4;437;19, rue Cujas, 75005, Paris, France;[48.8478616, 2.3422447];11-05-2022;12-05-2022;4;0;2;https://www.trivago.fr/forward.php?enc=_wnC7VUkgUpl2j-jItRfkLuxEkuyHQ-QKF-EtB7XanTiE-s7ernNqxXpoPnU0iobw6mdz8R4YhbPX1EJRXQtv7fxLiag2GY8acdokoFcVWVzWyCHBr0PDiM9-H5pYjg9Gyg3Grw79DXTuMBBd0u3fHndmVLYCbcpDeiae806b.w==
Arès Eiffel;8.8;4;341;7 rue du Général de Larminat, 75015, Paris, France;[48.85033305, 2.298208634343645];11-05-2022;12-05-2022;4;0;2;https://www.trivago.fr/forward.php?enc=_gjKZ1zVe0cVcConG5t5B1etEYgnR78xw7mwWTdmOzWm87v7Te5wgVqBODvKAJEWbB.pCgr3i-M9YNbEc3KSPGRX9gD9jOEpS9BPZ8aoDWOF1ne9EKOILvSswdt7Lj7qdWYD4gn6-suxtowzFvt92stvAw3V9
Hotel Daunou Opera;8.0;3;319;6, rue Daunou, 75002, Paris, France;[48.8697495, 2.3323881];11-05-2022;12-05-2022;4;0;2;https://www.trivago.fr/forward.php?enc=_77qM8b0PPvKqGnVSXujKNKMk0AHVNH7YlTEff6qD7qS9Zao6Fqd.awKUmQyJVTdtibIk2uikiBkbZ.MRdjG-59mZ0mWT9F0ZR7VdalKTJMEDrOQIOt-GwQ9wAQFUZH-g1wVE04Z43oJ-ZUqH0HcClWQ=
Hôtel Saint Germain;8.7;4;615;88 rue du Bac, 75007, Paris, France;[48.8547311, 2.3242436];11-05-2022;12-05-2022;4;0;2;https://www.trivago.fr/forward.php?enc=_hQ2y2eKf9WbidjYXj2WlyRCHA2EUZeXMCiYViOCJVu74WpzeTOzYeVwubYrZMOXDgAEsUsfp3clv.cYIImeqkPpM5ueuW3ylmC1-wVYMr04BqMj62kDUj.r1AMOUnPI3d5C9.Ta68-5ATXOILEcDkfJiTphHIb4=
Hotel de Sers;8.7;5;966;41, avenue Pierre 1er de Serbie, 75008, Paris, France;[48.8681579, 2.3004143];11-05-2022;12-05-2022;4;0;2;https://www.trivago.fr/forward.php?enc=_yDc0u6ePe-A6Nytfd5svfS98-NvVvVjIpXF8dHLnqjb-.VVYskCls01MBlKETicKHq.79bPJu41TJj6kqjbydM2y1se40iyaR.wrJV5-GN6YAH2ftCSKk1sNUN7hr..qqxVT89qF.8B8IfcbrSPA-0a9
Les Dames du Panthéon;8.8;4;648;19, place du Panthéon, 75005, Paris, France;[48.8457641, 2.3448572];11-05-2022;12-05-2022;4;0;2;https://www.trivago.fr/forward.php?enc=_sWgrGGDK3sMmxJGp3pSZs4alWpLlFWNXsTzXI6fbNdhPcai6JyZ0S.63emzN1DMbanoNjD6fFg88bonuikJ1Urj5ilxnYZChGqz.aR60J68L3cnchPhKFg7fa9xZp.30Ou8eGw8yOzdbYC3H5xePzJDLICc=
Eden;8.2;3;414;35, Rue Jean-Baptiste Pigalle, 75009, Paris, France;[48.87981575, 2.33399487200498];11-05-2022;12-05-2022;4;0;2;https://www.trivago.fr/forward.php?enc=_z50tMr-A307CWlpUSZSjDGtFcG75CcIQrkxZ3F7qdV498Tozpk0oBIJOZP3l2EKkj2HvO9TzyEqJf18XmOqA5YTQP6fb7S21eAG.IpXiSzaGnf9U4g4oWe.6QTUDH.KWk.XJ1i2-2OgNRigxeAxJ6m5RPvwF21S6ojjCkEFm3o36
Hotel Pullman Paris Centre Bercy;9.2;4;383;1 rue de Libourne, 75012, Paris, France;[48.8312741, 2.3865535];11-05-2022;12-05-2022;4;0;2;https://www.trivago.fr/forward.php?enc=_vqhYWMQldo.bdIIe6DxVaZEGompAeyyySZ.ZKgCgzTXDY6R9cxmpWkxQaHxZyajiGyw5vMqVcXb1n1ilSTvn4InscJpStjjQjzirpNjcrekaVntc897qexk98D9N1uVRb5FBbdYn4bxzG3zQ2y0a4Xc-FLG0ajTfBrWz8yKQ41dccjVe36EB9i9Qiuz0pyUz9V7kXX5I6qaWZJt1aUnNy1otzhhtI20SLuwQdId4j3y7d4jijS-67aEFg2fEYqHDn72DboLaw4QhHMg63tfvdLlGGSqtlmqnksl8TMN-b5-LFJbJiWgJRGAexcuQKUJgbELke6QymPobMgam50ze-2569PA=
Hotel Best Western Premier Faubourg 88;8.3;4;240;88 rue du Faubourg Poissonnière, 75010, Paris, France;[48.8776838, 2.3492087];11-05-2022;12-05-2022;4;0;2;https://www.trivago.fr/forward.php?enc=_5eZ80ZCgSuZMil.auvEwqH5KNVQuybOmv3z6cV7JlcFf58MMnvTbiu2mhbMGHT0dwLNiZagDNkI2TxTFqkRocvQW-LDDw52CW-d4uDzNSUzYRtfhXY64gWVUAbLbzvRQ6Y2Nzs7A1qcN6HBVDlNvkgpwHCCKvYLNpt2fLy8gyCj94vBIlX3BQNSnfUz.he0DdEQJuCO-gLDdalTEWkSAdT8eDFCnwsRRglTett8xI7v4LO5A3zmYkTqdUm9xn7WUKBlpdSU5EOHz49zO7OY5ErgMXK4deghTaI0CVA==
Hotel Gustave;8.6;4;696;34, Rue Viala, 75015, Paris, France;[48.8501315, 2.2890804];11-05-2022;12-05-2022;4;0;2;https://www.trivago.fr/forward.php?enc=_FOC5CjJX-C4NQ9vUNHHgoOZi.q0X8igL1pD6kxvHXQmgKZL7Mg9lVkQRLrqHjIlX-HZB79fB4uEhMfgOXWDpWftcdmb4AU9jP5eBIwcr6fXcw-aiw09lTf125ItlArBYPwPr0E8P.7tbNeXx9I-k.4Q=
Fraser Suites Le Claridge Champs Elysées;8.2;;582;74 Avenue des Champs-Elysées, 75008, Paris, France;[48.8710846, 2.3046178];11-05-2022;12-05-2022;4;0;2;https://www.trivago.fr/forward.php?enc=
