name;grade;stars;prices;address;gps;date;nb_personne;link
Hyatt Place Paris Charles de Gaulle Airport;4,4;4.0;201 €;241 Rue de la Belle Etoile Building A, Roissy-en-France, Roissy-en-France, 95700;;avril 2022;4;https://fr.hotels.com/ho1832664576/hyatt-place-paris-charles-de-gaulle-airport-roissy-en-france-france/?chkin=2022-04-11&chkout=2022-04-12&x_pwa=1&rfrr=HSR&pwa_ts=1648502808371&referrerUrl=aHR0cHM6Ly9mci5ob3RlbHMuY29tL0hvdGVsLVNlYXJjaA%3D%3D&useRewards=false&rm1=a2%3Ac9%3Ac4&regionId=179898&destination=Paris+%28et+environs%29%2C+France&destType=MARKET&trackingData=AAAAEP-6LCYpSNfBkdpU9mOwq45kI6dtjwgq5VaSfpMLo2ZJvIuOJMu3qTuPxax5rvIuCS-H2vhLRr_mPZDMU_uSZaslURYVw7raN6Vhc377GqVchUjALDfSgZUe68hPpPBVBNwvhFQMCmm6b7vuh4uzPNEtHf6iqwGLx_jvwtHq6QzEAVZjw5TC6WmWTKI5cwsedJVZpEVxKSAtw5LoE1WHiOY9dEFcK97kaZn7yGdl6xXj1VduxBsUTQdto3hQdk8-toRUbb8wHgT7ChXkxdINHFrjq7Ev-K41hCjAt0gIDbCQJj6DBzEq28Sfye2FKuM1wlWPQ9MW1B9zvikfbUe7TASuaYbndYXexjYIi1PTpxB1td6bX_rzMW_fC6JKzFhQx5z2GxhBPyhEKeevagRFa1d0nrcArdRfTFdmJB1-WSdUgiA1aZjSHEWDV3qb13Vuwd6jdR9XQCNGI3HOfLr5R0AwZWYu306Nmxd5FOtVjhwRdJc55fml1_4iVrv2GXP8WGaGRG7kZCjoI7vv8u9GruM7ExTMusv2w-VDpjBO-iQSClOHZj2VLfkwzY8Ma4WAQRc03BJqH6vCfOy_SyPHHEq0mb1Wo1klk8NC-sxREax2t1N8cnvGfdrklfYrX_WBPQxkVlyilvD8rby_zXJJmfU2ZvlQIPEwIZjXiucHurn26_fwLEoG9XuY0OTfhsm5vrCMHzCsIvRKvwAj91N108Zcd_80gaHs3DWtB_FSNG6PZScjlMZLpRKFJlfMi5voi2mtdNEenH9ZIsJGP6jMOjQYaJ8m0ya8SszO9tHnQrvKQJmNFROSQ-5KZc0qy1mwkgNnlKmQbX0-iE3S1qx0S0TVEGyuLdZCy2rYzbYZ2_zJbPIJTwrS-zSCNqt-WbTLSJ3Kny7-nivs_AqkGNoPLL0uDwIp0SFISo5YQSHrt80eZJwTd8OoCjG7hQLKTZNNnSC8S2_tufYH01hZjsFVXiC-q4Hww44qzLGJ-N43OS8gijr9xmGhbCQmPiz6N6UuLg%3D%3D&rank=1&testVersionOverride=Buttercup%2C31936.102311.0%2C33775.98848.1%2C38414.114301.0%2C40794.121819.2%2C38427.115718.4%2C42444.123988.0%2C42876.124673.0%2C42973.124182.1%2C42974.123984.1%2C42975.124629.0%2C42976.125426.1%2C42802.125960.1%2C33739.99567.0%2C37898.109354.1%2C37930.119094.0%2C43191.126721.1%2C43435.126644.1&slots=HSR_A&position=1&beaconIssued=2022-03-28T21%3A26%3A47&sort=RECOMMENDED&top_dp=201&top_cur=EUR&semdtl=&userIntent=&selectedRoomType=233156956&selectedRatePlan=294391872&expediaPropertyId=57239518
Hotel Lutetia, Paris;4,5;5.0;1 892 €;45 Boulevard Raspail, Paris, 75006;[48.850915, 2.3272149];avril 2022;4;https://fr.hotels.com/ho687160032/hotel-lutetia-paris-paris-france/?chkin=2022-04-11&chkout=2022-04-12&x_pwa=1&rfrr=HSR&pwa_ts=1648502808371&referrerUrl=aHR0cHM6Ly9mci5ob3RlbHMuY29tL0hvdGVsLVNlYXJjaA%3D%3D&useRewards=false&rm1=a2%3Ac9%3Ac4&regionId=179898&destination=Paris+%28et+environs%29%2C+France&destType=MARKET&neighborhoodId=553248635212953062&trackingData=AAAAEOV28sPRL4_Vx5yHjuRJY4crtd7O3miox-7tMgdfe7KjpUtK52CLiHb_gq_jvStMbaX_5VStVe5vhxGgqB-PC8S8oTEXJ0cOcKSerMq7YCCzMw0v_ycKR7ztAO0eF3OAme38IcOj6hZqrqnJwrOaKe-ucbYyzSbFw6_suF_5XmmHoQb5QQlQZl6b1Vl-s6V5dxLZZcrRqE_sbk0GFm6GEAQExrsiCI0bZwPpxN6bR4rGjG5bOEwA2Xm0Va3EbZrvsz2UIKaBHv0BAy-zyGi6rQyt8HXerhsRB-broOOzlUkEeSmkX7SyBj7Lueo5wN7sv0IlkxjBwJvD7bAZ-SvjasTSs4QNmYuhmt8u8e35zQ4oNAfcGMNDNm6IvG14-v-D0hKXFGGPAJ-0KAS_rwEBiKqopafq6PqMnzIym6GWzOX3p6ImYPAJ8Aj5WyTzaoGP-StN_Q87RhR-HjDX3d8FCufcKFlQv0K5HjEyFkqJvLQrQLJuWayIaLGxEthvAV84syVFK8g1_JVOnjBXuTaU68v6Px0sLYEI5kQUoEz_lzzt80BSPxXbTp-SPIzi4z-jjGNrzeELpiYycJFK6LEivBOiW71bKsEw49GAeeJGfCEQN_NyCZ9LaskCJes1OQowpFZkxOyF8ZO_q6-rXUe9etUjJ2i7VLKFcw8sIWK0nEcCDiWLkj5sfHKAYg-3j4Hu_Y680j1yLMSLrE5ekWVjIn5tBM1YQUrUeo1iKsPL87oHBCY1jc81F1J9KkyLkfNYpfaQXs9n7G3kdIhqVVENNaBdD9g1OW38xjro33dObmQgQJkzzEdfXoe9G29lmbfxK7Bltj6Kg_Ayqp1hkexdI-be0S-qiZHHKJnFdMBilsxYwKZjEJZkolMAUaCmgXZVZX8e-ibb3pMr3pCWuhPnzFGh8s9TtV5bDqT2lrLlMMknDPdKo8nI6uE-My6cpimgF7d3Ov_U2g6RadYMU-MXoe8TaoSP_RSvkdZjXr6a89ibxNCsHxdtmJsGByHN4KX3gTSOCjkk24SPWXB2YNFIaUuk1rkgypzitPJLBWA2JP9yjakTjuoDhXIt15wYckNITQ%3D%3D&rank=2&testVersionOverride=Buttercup%2C31936.102311.0%2C33775.98848.1%2C38414.114301.0%2C40794.121819.2%2C38427.115718.4%2C42444.123988.0%2C42876.124673.0%2C42973.124182.1%2C42974.123984.1%2C42975.124629.0%2C42976.125426.1%2C42802.125960.1%2C33739.99567.0%2C37898.109354.1%2C37930.119094.0%2C43191.126721.1%2C43435.126644.1&slots=HSR_AA&position=2&beaconIssued=2022-03-28T21%3A26%3A47&sort=RECOMMENDED&top_dp=1892&top_cur=EUR&semdtl=&userIntent=&selectedRoomType=314028551&selectedRatePlan=381186900&expediaPropertyId=21442501
Hotel Migny Opera Montmartre;3,3;3.0;345 €;13 Rue Victor Massé, Paris, Paris, 75009;[48.8806067, 2.339103];avril 2022;4;https://fr.hotels.com/ho200649/hotel-migny-opera-montmartre-paris-france/?chkin=2022-04-11&chkout=2022-04-12&x_pwa=1&rfrr=HSR&pwa_ts=1648502808371&referrerUrl=aHR0cHM6Ly9mci5ob3RlbHMuY29tL0hvdGVsLVNlYXJjaA%3D%3D&useRewards=false&rm1=a2%3Ac9%3Ac4&regionId=179898&destination=Paris+%28et+environs%29%2C+France&destType=MARKET&neighborhoodId=553248635212957556&sort=RECOMMENDED&top_dp=345&top_cur=EUR&semdtl=&userIntent=&selectedRoomType=26932&selectedRatePlan=201578818&expediaPropertyId=909202
Hotel Paris Bastille;4,1;3.0;269 €;67 rue de Lyon, Paris, Paris, 75012;[48.8509291, 2.3698902];avril 2022;4;https://fr.hotels.com/ho237294/hotel-paris-bastille-paris-france/?chkin=2022-04-11&chkout=2022-04-12&x_pwa=1&rfrr=HSR&pwa_ts=1648502808371&referrerUrl=aHR0cHM6Ly9mci5ob3RlbHMuY29tL0hvdGVsLVNlYXJjaA%3D%3D&useRewards=false&rm1=a2%3Ac9%3Ac4&regionId=179898&destination=Paris+%28et+environs%29%2C+France&destType=MARKET&neighborhoodId=553248635212953907&sort=RECOMMENDED&top_dp=269&top_cur=EUR&semdtl=&userIntent=&selectedRoomType=102457&selectedRatePlan=201702708&expediaPropertyId=1387066
Hôtel Elysée Gare de Lyon;4,1;4.0;472 €;234 rue de Bercy, Paris, 75012;[48.8466561, 2.3698592];avril 2022;4;https://fr.hotels.com/ho181431840/hotel-elysee-gare-de-lyon-paris-france/?chkin=2022-04-11&chkout=2022-04-12&x_pwa=1&rfrr=HSR&pwa_ts=1648502808371&referrerUrl=aHR0cHM6Ly9mci5ob3RlbHMuY29tL0hvdGVsLVNlYXJjaA%3D%3D&useRewards=false&rm1=a2%3Ac9%3Ac4&regionId=179898&destination=Paris+%28et+environs%29%2C+France&destType=MARKET&neighborhoodId=553248635212953907&sort=RECOMMENDED&top_dp=472&top_cur=EUR&semdtl=&userIntent=&selectedRoomType=201428727&selectedRatePlan=384393057&expediaPropertyId=5638495
Hôtel de Berri Champs-Élysées, a Luxury Collection Hotel;4,7;5.0;701 €;18-22 Rue De Berri, Paris City Centre, Champs Elysees (8 arr.), Paris, 75008;;avril 2022;4;https://fr.hotels.com/ho28973696/hotel-de-berri-a-luxury-collection-hotel-paris-paris-france/?chkin=2022-04-11&chkout=2022-04-12&x_pwa=1&rfrr=HSR&pwa_ts=1648502808373&referrerUrl=aHR0cHM6Ly9mci5ob3RlbHMuY29tL0hvdGVsLVNlYXJjaA%3D%3D&useRewards=false&rm1=a2%3Ac9%3Ac4&regionId=179898&destination=Paris+%28et+environs%29%2C+France&destType=MARKET&neighborhoodId=553248635212956116&trackingData=AAAAEAQ_W_pV_okpbbI95yQkP0b0ie_-vOnNN5tAwOYeuHGUik_nyTx0EKMLgYUfiOirOTCvcniyJz7O4YC1YdXoBDkrVKPNbS5udX_a90NbOvhRw0zXhCYqSsgO0A0WuVwiNem6eh8CkXh8AM-wUEQ4weFDeyutpGrDC8a9HlP_leQ3y1vMmzjkitkQZK42GrIrPUfrUOOP4T5_1zNoN_sf60fdy87_zVq7u3w0rTfYPmKweC-yqfje0mYJyJh15a_d8gKE-nGOJPZgcRS9akPOag1xlVxwpBSXcdV3jMOZ3LXzJqDmXPxOY8D0ATCw186WBvOrV56C3O4LSHL_Mv_dvGf4cS4SW8m1RyOGclm7XNxUcQ01UDYMYkBISitfCBI5rybG1tkzvwFbBQ_VMd3gmopSK7FEaKpee9XFGzwBxrQ1Yl0QorP4KnJN6Be9JxCQ7tAT3JhTYGi5BqCtXzEZ5hgCmpk_MVMJNeNziCNbW31AOFOtz91qx_zrZ5L71Z-NkWfkv7FRqXqlsLHWj8IMj0eYNoSPVhkO3tKtudufpHzUk3RfQHKepFprvfyKLVH2JXMnPFx_A2xX4-9ujRexFbxX5HpZQCWxxOTqEyI1amjZszua9I2cbq4_yPpxDTJkp4p8xKpvy35pK6inDfGZeMmkiMEzjQ8mkNrpIHq4fticlwooH67xsfoj5bY-d96i6Ss9EYZ3vX2TTzjAxypW0g5xH6F4bfP0JtN-EAx-RC_TWZKOitt0mKMcfZrP5_5Zg_-g6F08EpYsG7b1esFojUyuf6-bGAPx1WDONslmaci4fHTWtGujiIyKNIBmo-xGXOR4JaqreCGM7nftZoSqN0PpCII3pwOfyrMM3mPDEcxV1j4jv_xyoUiwP_GBNjpKHA-TGDWO7_JQ0Cwk29B8VZw08Jf5_qhK58sbcdzuFv_bulDMlmEJg9Fcf4iAhdxTYnUIAYu_zVZINFGiaZPlwvajSc-4WhEuScL0Faz12II6Ghmsp1YHObE63Py-W5q0qg%3D%3D&rank=3&testVersionOverride=Buttercup%2C31936.102311.0%2C33775.98848.1%2C38414.114301.0%2C40794.121819.2%2C38427.115718.4%2C42444.123988.0%2C42876.124673.0%2C42973.124182.1%2C42974.123984.1%2C42975.124629.0%2C42976.125426.1%2C42802.125960.1%2C33739.99567.0%2C37898.109354.1%2C37930.119094.0%2C43191.126721.1%2C43435.126644.1&slots=HSR_DYN&position=6&beaconIssued=2022-03-28T21%3A26%3A47&sort=RECOMMENDED&top_dp=701&top_cur=EUR&semdtl=&userIntent=&selectedRoomType=215127733&selectedRatePlan=254388837&expediaPropertyId=874178
Hôtel Terminus Montparnasse;3,8;3.0;322 €;59 Boulevard du Montparnasse, Paris, 75006;[48.8407978, 2.3331694];avril 2022;4;https://fr.hotels.com/ho30302144/hotel-terminus-montparnasse-paris-france/?chkin=2022-04-11&chkout=2022-04-12&x_pwa=1&rfrr=HSR&pwa_ts=1648502808371&referrerUrl=aHR0cHM6Ly9mci5ob3RlbHMuY29tL0hvdGVsLVNlYXJjaA%3D%3D&useRewards=false&rm1=a2%3Ac9%3Ac4&regionId=179898&destination=Paris+%28et+environs%29%2C+France&destType=MARKET&neighborhoodId=553248635212953062&sort=RECOMMENDED&top_dp=322&top_cur=EUR&semdtl=&userIntent=&selectedRoomType=221560101&selectedRatePlan=296305520&expediaPropertyId=915692
Hôtel Parister;4,5;5.0;514 €;19 rue Saulnier, Paris, 75009;[48.8753155, 2.3443779];avril 2022;4;https://fr.hotels.com/ho617591008/hotel-parister-paris-france/?chkin=2022-04-11&chkout=2022-04-12&x_pwa=1&rfrr=HSR&pwa_ts=1648502808375&referrerUrl=aHR0cHM6Ly9mci5ob3RlbHMuY29tL0hvdGVsLVNlYXJjaA%3D%3D&useRewards=false&rm1=a2%3Ac9%3Ac4&regionId=179898&destination=Paris+%28et+environs%29%2C+France&destType=MARKET&neighborhoodId=553248635212953989&sort=RECOMMENDED&top_dp=514&top_cur=EUR&semdtl=&userIntent=&selectedRoomType=202145522&selectedRatePlan=211003955&expediaPropertyId=19268469
easyHotel Paris Charles de Gaulle;4,3;2.0;95 €;10 Rue de la Belle Borne, Tremblay-en-France, Roissy, 93290;;avril 2022;4;https://fr.hotels.com/ho2343790400/easyhotel-paris-charles-de-gaulle-tremblay-en-france-france/?chkin=2022-04-11&chkout=2022-04-12&x_pwa=1&rfrr=HSR&pwa_ts=1648502808375&referrerUrl=aHR0cHM6Ly9mci5ob3RlbHMuY29tL0hvdGVsLVNlYXJjaA%3D%3D&useRewards=false&rm1=a2%3Ac9%3Ac4&regionId=179898&destination=Paris+%28et+environs%29%2C+France&destType=MARKET&sort=RECOMMENDED&top_dp=95&top_cur=EUR&semdtl=&userIntent=&selectedRoomType=315892973&selectedRatePlan=384961113&expediaPropertyId=73212200
Hotel Renoir Saint Germain;3,2;3.0;300 €;39 Rue Du Montparnasse, Paris, Paris, 75014;[48.8427036, 2.326178];avril 2022;4;https://fr.hotels.com/ho172741/hotel-renoir-saint-germain-paris-france/?chkin=2022-04-11&chkout=2022-04-12&x_pwa=1&rfrr=HSR&pwa_ts=1648502808376&referrerUrl=aHR0cHM6Ly9mci5ob3RlbHMuY29tL0hvdGVsLVNlYXJjaA%3D%3D&useRewards=false&rm1=a2%3Ac9%3Ac4&regionId=179898&destination=Paris+%28et+environs%29%2C+France&destType=MARKET&neighborhoodId=178673&sort=RECOMMENDED&top_dp=300&top_cur=EUR&semdtl=&userIntent=&selectedRoomType=201629120&selectedRatePlan=208147993&expediaPropertyId=564940
Grand Hôtel du Havre;3,1;3.0;261 €;18 Rue d'Amsterdam, Paris, Paris, 75009;[48.8765934, 2.3269727];avril 2022;4;https://fr.hotels.com/ho133633/grand-hotel-du-havre-paris-france/?chkin=2022-04-11&chkout=2022-04-12&x_pwa=1&rfrr=HSR&pwa_ts=1648502808373&referrerUrl=aHR0cHM6Ly9mci5ob3RlbHMuY29tL0hvdGVsLVNlYXJjaA%3D%3D&useRewards=false&rm1=a2%3Ac9%3Ac4&regionId=179898&destination=Paris+%28et+environs%29%2C+France&destType=MARKET&neighborhoodId=553248635212957556&sort=RECOMMENDED&top_dp=261&top_cur=EUR&semdtl=&userIntent=&selectedRoomType=407975&selectedRatePlan=205583508&expediaPropertyId=565591
New Hôtel Gare du Nord;3,5;2.0;324 €;40 Rue De Saint Quentin, Paris, Paris, 75010;[48.879539, 2.3560233];avril 2022;4;https://fr.hotels.com/ho226515/new-hotel-gare-du-nord-paris-france/?chkin=2022-04-11&chkout=2022-04-12&x_pwa=1&rfrr=HSR&pwa_ts=1648502808373&referrerUrl=aHR0cHM6Ly9mci5ob3RlbHMuY29tL0hvdGVsLVNlYXJjaA%3D%3D&useRewards=false&rm1=a2%3Ac9%3Ac4&regionId=179898&destination=Paris+%28et+environs%29%2C+France&destType=MARKET&neighborhoodId=553248635212953155&sort=RECOMMENDED&top_dp=324&top_cur=EUR&semdtl=&userIntent=&selectedRoomType=200190216&selectedRatePlan=209960118&expediaPropertyId=901150
Hotel Panache;4,3;4.0;285 €;1, rue Geoffroy Marie, Paris, Paris, 75009;[48.8732316, 2.3432488];avril 2022;4;https://fr.hotels.com/ho442904/hotel-panache-paris-france/?chkin=2022-04-11&chkout=2022-04-12&x_pwa=1&rfrr=HSR&pwa_ts=1648502808376&referrerUrl=aHR0cHM6Ly9mci5ob3RlbHMuY29tL0hvdGVsLVNlYXJjaA%3D%3D&useRewards=false&rm1=a2%3Ac9%3Ac4&regionId=179898&destination=Paris+%28et+environs%29%2C+France&destType=MARKET&neighborhoodId=553248635212953989&sort=RECOMMENDED&top_dp=285&top_cur=EUR&semdtl=&userIntent=&selectedRoomType=200384931&selectedRatePlan=207419492&expediaPropertyId=6716425
Hotel de Geneve;3,7;3.0;352 €;36, rue de Londres, Paris, Paris, 75009;[48.8777332, 2.3275292];avril 2022;4;https://fr.hotels.com/ho239832/hotel-de-geneve-paris-france/?chkin=2022-04-11&chkout=2022-04-12&x_pwa=1&rfrr=HSR&pwa_ts=1648502808375&referrerUrl=aHR0cHM6Ly9mci5ob3RlbHMuY29tL0hvdGVsLVNlYXJjaA%3D%3D&useRewards=false&rm1=a2%3Ac9%3Ac4&regionId=179898&destination=Paris+%28et+environs%29%2C+France&destType=MARKET&neighborhoodId=553248635212957556&sort=RECOMMENDED&top_dp=352&top_cur=EUR&semdtl=&userIntent=&selectedRoomType=200856004&selectedRatePlan=208195823&expediaPropertyId=106600
Le Mathurin Hotel & Spa;4,4;4.0;536 €;43, rue des Mathurins, Paris, Paris, 75008;[48.87319225, 2.3239385231902623];avril 2022;4;https://fr.hotels.com/ho222872/le-mathurin-hotel-spa-paris-france/?chkin=2022-04-11&chkout=2022-04-12&x_pwa=1&rfrr=HSR&pwa_ts=1648502808376&referrerUrl=aHR0cHM6Ly9mci5ob3RlbHMuY29tL0hvdGVsLVNlYXJjaA%3D%3D&useRewards=false&rm1=a2%3Ac9%3Ac4&regionId=179898&destination=Paris+%28et+environs%29%2C+France&destType=MARKET&neighborhoodId=553248634838840666&sort=RECOMMENDED&top_dp=536&top_cur=EUR&semdtl=&userIntent=&selectedRoomType=215101870&selectedRatePlan=254009174&expediaPropertyId=7382160
Hôtel Armoni;4,3;4.0;312 €;7, Villa Berthier, Paris, Paris, 75017;[48.8851415, 2.2930709];avril 2022;4;https://fr.hotels.com/ho509284/hotel-armoni-paris-france/?chkin=2022-04-11&chkout=2022-04-12&x_pwa=1&rfrr=HSR&pwa_ts=1648502808379&referrerUrl=aHR0cHM6Ly9mci5ob3RlbHMuY29tL0hvdGVsLVNlYXJjaA%3D%3D&useRewards=false&rm1=a2%3Ac9%3Ac4&regionId=179898&destination=Paris+%28et+environs%29%2C+France&destType=MARKET&neighborhoodId=553248634838840797&sort=RECOMMENDED&top_dp=312&top_cur=EUR&semdtl=&userIntent=&selectedRoomType=201401342&selectedRatePlan=206931378&expediaPropertyId=10487085
Hôtel Du Brabant;;2.0;127 €;18 Rue Des Petits Hotels, Paris, Paris, 75010;[48.8774785, 2.353728];avril 2022;4;https://fr.hotels.com/ho287326/hotel-du-brabant-paris-france/?chkin=2022-04-11&chkout=2022-04-12&x_pwa=1&rfrr=HSR&pwa_ts=1648502808377&referrerUrl=aHR0cHM6Ly9mci5ob3RlbHMuY29tL0hvdGVsLVNlYXJjaA%3D%3D&useRewards=false&rm1=a2%3Ac9%3Ac4&regionId=179898&destination=Paris+%28et+environs%29%2C+France&destType=MARKET&neighborhoodId=553248635212953155&sort=RECOMMENDED&top_dp=127&top_cur=EUR&semdtl=&userIntent=&selectedRoomType=200271603&selectedRatePlan=201605618&expediaPropertyId=2520450
Hôtel Châteaudun Opéra;3,9;3.0;364 €;30 Rue de Chateaudun, Paris, Paris, 75009;[48.8761686, 2.3369316];avril 2022;4;https://fr.hotels.com/ho144346/hotel-chateaudun-opera-paris-france/?chkin=2022-04-11&chkout=2022-04-12&x_pwa=1&rfrr=HSR&pwa_ts=1648502808373&referrerUrl=aHR0cHM6Ly9mci5ob3RlbHMuY29tL0hvdGVsLVNlYXJjaA%3D%3D&useRewards=false&rm1=a2%3Ac9%3Ac4&regionId=179898&destination=Paris+%28et+environs%29%2C+France&destType=MARKET&neighborhoodId=553248635212952445&sort=RECOMMENDED&top_dp=364&top_cur=EUR&semdtl=&userIntent=&selectedRoomType=201672434&selectedRatePlan=208342830&expediaPropertyId=201187
La Demeure Montaigne;5,0;5.0;906 €;18 Rue Clément Marot, Paris, Département de Paris, 75008;;avril 2022;4;https://fr.hotels.com/ho2292000256/la-demeure-montaigne-paris-france/?chkin=2022-04-11&chkout=2022-04-12&x_pwa=1&rfrr=HSR&pwa_ts=1648502808375&referrerUrl=aHR0cHM6Ly9mci5ob3RlbHMuY29tL0hvdGVsLVNlYXJjaA%3D%3D&useRewards=false&rm1=a2%3Ac9%3Ac4&regionId=179898&destination=Paris+%28et+environs%29%2C+France&destType=MARKET&neighborhoodId=553248635212953502&sort=RECOMMENDED&top_dp=906&top_cur=EUR&semdtl=&userIntent=&selectedRoomType=315654877&selectedRatePlan=384218160&expediaPropertyId=71593758
Hotel de l’Aqueduc;3,9;3.0;351 €;10 Rue Philippe De Girard, Paris, Paris, 75010;[48.8813376, 2.3619753];avril 2022;4;https://fr.hotels.com/ho129521/hotel-de-l-aqueduc-paris-france/?chkin=2022-04-11&chkout=2022-04-12&x_pwa=1&rfrr=HSR&pwa_ts=1648502808376&referrerUrl=aHR0cHM6Ly9mci5ob3RlbHMuY29tL0hvdGVsLVNlYXJjaA%3D%3D&useRewards=false&rm1=a2%3Ac9%3Ac4&regionId=179898&destination=Paris+%28et+environs%29%2C+France&destType=MARKET&neighborhoodId=553248635212953155&sort=RECOMMENDED&top_dp=351&top_cur=EUR&semdtl=&userIntent=&selectedRoomType=202177320&selectedRatePlan=384766025&expediaPropertyId=2241
Hotel Galileo;4,4;3.0;543 €;54 Rue Galilee, Paris, Paris, 75008;[48.8713712, 2.2982201];avril 2022;4;https://fr.hotels.com/ho200740/hotel-galileo-paris-france/?chkin=2022-04-11&chkout=2022-04-12&x_pwa=1&rfrr=HSR&pwa_ts=1648502808376&referrerUrl=aHR0cHM6Ly9mci5ob3RlbHMuY29tL0hvdGVsLVNlYXJjaA%3D%3D&useRewards=false&rm1=a2%3Ac9%3Ac4&regionId=179898&destination=Paris+%28et+environs%29%2C+France&destType=MARKET&neighborhoodId=553248635212953502&sort=RECOMMENDED&top_dp=543&top_cur=EUR&semdtl=&userIntent=&selectedRoomType=200731173&selectedRatePlan=203631095&expediaPropertyId=48213
L'Hotel du Collectionneur Arc de Triomphe;4,1;5.0;475 €;51-57 rue de Courcelles, Paris, Paris, 75008;[48.8769651, 2.3069884];avril 2022;4;https://fr.hotels.com/ho218097/l-hotel-du-collectionneur-arc-de-triomphe-paris-france/?chkin=2022-04-11&chkout=2022-04-12&x_pwa=1&rfrr=HSR&pwa_ts=1648502808379&referrerUrl=aHR0cHM6Ly9mci5ob3RlbHMuY29tL0hvdGVsLVNlYXJjaA%3D%3D&useRewards=false&rm1=a2%3Ac9%3Ac4&regionId=179898&destination=Paris+%28et+environs%29%2C+France&destType=MARKET&neighborhoodId=553248635212956116&sort=RECOMMENDED&top_dp=475&top_cur=EUR&semdtl=&userIntent=&selectedRoomType=200219380&selectedRatePlan=201257101&expediaPropertyId=994215
Timhotel Opera Blanche Fontaine;4,2;4.0;276 €;34 Rue Pierre Fontaine, Paris, Paris, 75009;[48.8826699, 2.3338557];avril 2022;4;https://fr.hotels.com/ho129408/timhotel-opera-blanche-fontaine-paris-france/?chkin=2022-04-11&chkout=2022-04-12&x_pwa=1&rfrr=HSR&pwa_ts=1648502808381&referrerUrl=aHR0cHM6Ly9mci5ob3RlbHMuY29tL0hvdGVsLVNlYXJjaA%3D%3D&useRewards=false&rm1=a2%3Ac9%3Ac4&regionId=179898&destination=Paris+%28et+environs%29%2C+France&destType=MARKET&neighborhoodId=553248635212957556&sort=RECOMMENDED&top_dp=276&top_cur=EUR&semdtl=&userIntent=&selectedRoomType=429663&selectedRatePlan=202106237&expediaPropertyId=565590
Hôtel Les Matins de Paris & Spa;4,4;4.0;564 €;3 rue Clauzel, Paris, 75009;[48.8789303, 2.3394636];avril 2022;4;https://fr.hotels.com/ho530122/hotel-les-matins-de-paris-spa-paris-france/?chkin=2022-04-11&chkout=2022-04-12&x_pwa=1&rfrr=HSR&pwa_ts=1648502808380&referrerUrl=aHR0cHM6Ly9mci5ob3RlbHMuY29tL0hvdGVsLVNlYXJjaA%3D%3D&useRewards=false&rm1=a2%3Ac9%3Ac4&regionId=179898&destination=Paris+%28et+environs%29%2C+France&destType=MARKET&neighborhoodId=553248635212957556&sort=RECOMMENDED&top_dp=564&top_cur=EUR&semdtl=&userIntent=&selectedRoomType=202180878&selectedRatePlan=211164283&expediaPropertyId=11467594
Hotel EKTA;4,6;4.0;523 €;52 Rue Galilee, 08, Paris, Paris, 75008;[48.871299, 2.2981147];avril 2022;4;https://fr.hotels.com/ho490017/hotel-ekta-paris-france/?chkin=2022-04-11&chkout=2022-04-12&x_pwa=1&rfrr=HSR&pwa_ts=1648502808377&referrerUrl=aHR0cHM6Ly9mci5ob3RlbHMuY29tL0hvdGVsLVNlYXJjaA%3D%3D&useRewards=false&rm1=a2%3Ac9%3Ac4&regionId=179898&destination=Paris+%28et+environs%29%2C+France&destType=MARKET&neighborhoodId=553248635212953502&sort=RECOMMENDED&top_dp=523&top_cur=EUR&semdtl=&userIntent=&selectedRoomType=200884681&selectedRatePlan=204490789&expediaPropertyId=9827114
Hôtel Joke - Astotel;4,7;3.0;351 €;69 Rue Blanche, Paris, Paris, 75009;[48.8824214, 2.3318411];avril 2022;4;https://fr.hotels.com/ho509932/hotel-joke-astotel-paris-france/?chkin=2022-04-11&chkout=2022-04-12&x_pwa=1&rfrr=HSR&pwa_ts=1648502808379&referrerUrl=aHR0cHM6Ly9mci5ob3RlbHMuY29tL0hvdGVsLVNlYXJjaA%3D%3D&useRewards=false&rm1=a2%3Ac9%3Ac4&regionId=179898&destination=Paris+%28et+environs%29%2C+France&destType=MARKET&neighborhoodId=553248635212957556&sort=RECOMMENDED&top_dp=351&top_cur=EUR&semdtl=&userIntent=&selectedRoomType=219035111&selectedRatePlan=280138806&expediaPropertyId=10516568
Le Grand Quartier;4,7;4.0;398 €;15 rue de Nancy, Paris, 75010;[48.8723226, 2.358486];avril 2022;4;https://fr.hotels.com/ho1255552064/le-grand-quartier-paris-france/?chkin=2022-04-11&chkout=2022-04-12&x_pwa=1&rfrr=HSR&pwa_ts=1648502808377&referrerUrl=aHR0cHM6Ly9mci5ob3RlbHMuY29tL0hvdGVsLVNlYXJjaA%3D%3D&useRewards=false&rm1=a2%3Ac9%3Ac4&regionId=179898&destination=Paris+%28et+environs%29%2C+France&destType=MARKET&neighborhoodId=553248635212952485&sort=RECOMMENDED&top_dp=398&top_cur=EUR&semdtl=&userIntent=&selectedRoomType=217252094&selectedRatePlan=268268905&expediaPropertyId=39204752
Vendôme Opéra Hotel;4,4;4.0;626 €;11 Bis rue de l'Arcade, Paris, 75008;[48.8726581, 2.324014];avril 2022;4;https://fr.hotels.com/ho132033/vendome-opera-hotel-paris-france/?chkin=2022-04-11&chkout=2022-04-12&x_pwa=1&rfrr=HSR&pwa_ts=1648502808380&referrerUrl=aHR0cHM6Ly9mci5ob3RlbHMuY29tL0hvdGVsLVNlYXJjaA%3D%3D&useRewards=false&rm1=a2%3Ac9%3Ac4&regionId=179898&destination=Paris+%28et+environs%29%2C+France&destType=MARKET&neighborhoodId=553248634838840666&sort=RECOMMENDED&top_dp=626&top_cur=EUR&semdtl=&userIntent=&selectedRoomType=202042829&selectedRatePlan=210509623&expediaPropertyId=561980
Hôtel Dress Code;4,5;4.0;525 €;5 Rue de Caumartin, Paris, 75008;[48.8705278, 2.3279763];avril 2022;4;https://fr.hotels.com/ho648946208/hotel-dress-code-paris-france/?chkin=2022-04-11&chkout=2022-04-12&x_pwa=1&rfrr=HSR&pwa_ts=1648502808373&referrerUrl=aHR0cHM6Ly9mci5ob3RlbHMuY29tL0hvdGVsLVNlYXJjaA%3D%3D&useRewards=false&rm1=a2%3Ac9%3Ac4&regionId=179898&destination=Paris+%28et+environs%29%2C+France&destType=MARKET&neighborhoodId=553248635212952445&sort=RECOMMENDED&top_dp=525&top_cur=EUR&semdtl=&userIntent=&selectedRoomType=202232531&selectedRatePlan=286274791&expediaPropertyId=20248319
Hotel Mademoiselle;4,4;4.0;486 €;7 Rue Des Petits Hotels, Paris, Paris, 75010;[48.8772985, 2.3543201];avril 2022;4;https://fr.hotels.com/ho122232/hotel-mademoiselle-paris-france/?chkin=2022-04-11&chkout=2022-04-12&x_pwa=1&rfrr=HSR&pwa_ts=1648502808379&referrerUrl=aHR0cHM6Ly9mci5ob3RlbHMuY29tL0hvdGVsLVNlYXJjaA%3D%3D&useRewards=false&rm1=a2%3Ac9%3Ac4&regionId=179898&destination=Paris+%28et+environs%29%2C+France&destType=MARKET&neighborhoodId=553248635212953155&sort=RECOMMENDED&top_dp=486&top_cur=EUR&semdtl=&userIntent=&selectedRoomType=200219483&selectedRatePlan=201244965&expediaPropertyId=63305
Hôtel National Arts et Métiers;4,6;4.0;1 752 €;243 rue Saint Martin, Paris, 75003;[48.8673273, 2.3546766];avril 2022;4;https://fr.hotels.com/ho675356/hotel-national-arts-et-metiers-paris-france/?chkin=2022-04-11&chkout=2022-04-12&x_pwa=1&rfrr=HSR&pwa_ts=1648502808380&referrerUrl=aHR0cHM6Ly9mci5ob3RlbHMuY29tL0hvdGVsLVNlYXJjaA%3D%3D&useRewards=false&rm1=a2%3Ac9%3Ac4&regionId=179898&destination=Paris+%28et+environs%29%2C+France&destType=MARKET&neighborhoodId=553248635212955967&sort=RECOMMENDED&top_dp=1752&top_cur=EUR&semdtl=&userIntent=&selectedRoomType=201888463&selectedRatePlan=382797404&expediaPropertyId=17754301
Hôtel Des Deux Avenues;3,4;3.0;339 €;38 Rue Poncellet, Paris, Paris, 75017;;avril 2022;4;https://fr.hotels.com/ho283166/hotel-des-deux-avenues-paris-france/?chkin=2022-04-11&chkout=2022-04-12&x_pwa=1&rfrr=HSR&pwa_ts=1648502808383&referrerUrl=aHR0cHM6Ly9mci5ob3RlbHMuY29tL0hvdGVsLVNlYXJjaA%3D%3D&useRewards=false&rm1=a2%3Ac9%3Ac4&regionId=179898&destination=Paris+%28et+environs%29%2C+France&destType=MARKET&neighborhoodId=553248634838840797&sort=RECOMMENDED&top_dp=339&top_cur=EUR&semdtl=&userIntent=&selectedRoomType=200325845&selectedRatePlan=202730859&expediaPropertyId=1446012
Hotel Monceau Wagram;3,8;4.0;307 €;7 Rue Rennequin, Paris, Paris, 75017;[48.8809055, 2.2989994];avril 2022;4;https://fr.hotels.com/ho283172/hotel-monceau-wagram-paris-france/?chkin=2022-04-11&chkout=2022-04-12&x_pwa=1&rfrr=HSR&pwa_ts=1648502808379&referrerUrl=aHR0cHM6Ly9mci5ob3RlbHMuY29tL0hvdGVsLVNlYXJjaA%3D%3D&useRewards=false&rm1=a2%3Ac9%3Ac4&regionId=179898&destination=Paris+%28et+environs%29%2C+France&destType=MARKET&neighborhoodId=553248634838840797&sort=RECOMMENDED&top_dp=307&top_cur=EUR&semdtl=&userIntent=&selectedRoomType=200257135&selectedRatePlan=234063581&expediaPropertyId=1194
Idol Hotel;4,6;4.0;1 013 €;16 Rue d'Edimbourg, Paris, Paris, 75008;[48.8795063, 2.3203278];avril 2022;4;https://fr.hotels.com/ho282417/idol-hotel-paris-france/?chkin=2022-04-11&chkout=2022-04-12&x_pwa=1&rfrr=HSR&pwa_ts=1648502808373&referrerUrl=aHR0cHM6Ly9mci5ob3RlbHMuY29tL0hvdGVsLVNlYXJjaA%3D%3D&useRewards=false&rm1=a2%3Ac9%3Ac4&regionId=179898&destination=Paris+%28et+environs%29%2C+France&destType=MARKET&neighborhoodId=553248634838840690&sort=RECOMMENDED&top_dp=1013&top_cur=EUR&semdtl=&userIntent=&selectedRoomType=201530427&selectedRatePlan=207677199&expediaPropertyId=558173
Le Meridien Etoile;3,9;4.0;366 €;81 Boulevard Gouvion Saint-cyr, Paris, Paris, 75017;[48.879540250000005, 2.2853816492180723];avril 2022;4;https://fr.hotels.com/ho114226/le-meridien-etoile-paris-france/?chkin=2022-04-11&chkout=2022-04-12&x_pwa=1&rfrr=HSR&pwa_ts=1648502808381&referrerUrl=aHR0cHM6Ly9mci5ob3RlbHMuY29tL0hvdGVsLVNlYXJjaA%3D%3D&useRewards=false&rm1=a2%3Ac9%3Ac4&regionId=179898&destination=Paris+%28et+environs%29%2C+France&destType=MARKET&neighborhoodId=553248634838840797&sort=RECOMMENDED&top_dp=366&top_cur=EUR&semdtl=&userIntent=&selectedRoomType=217832479&selectedRatePlan=272384324&expediaPropertyId=6454
Hôtel Londres et New York;4,2;3.0;290 €;15 place du Havre, Paris, Paris, 75008;[48.875367600000004, 2.3264002522165343];avril 2022;4;https://fr.hotels.com/ho288513/londres-et-new-york-hotel-les-collectionneurs-paris-france/?chkin=2022-04-11&chkout=2022-04-12&x_pwa=1&rfrr=HSR&pwa_ts=1648502808382&referrerUrl=aHR0cHM6Ly9mci5ob3RlbHMuY29tL0hvdGVsLVNlYXJjaA%3D%3D&useRewards=false&rm1=a2%3Ac9%3Ac4&regionId=179898&destination=Paris+%28et+environs%29%2C+France&destType=MARKET&neighborhoodId=553248634838840666&sort=RECOMMENDED&top_dp=290&top_cur=EUR&semdtl=&userIntent=&selectedRoomType=200567098&selectedRatePlan=202888982&expediaPropertyId=14832
Hotel Bassano;4,3;4.0;482 €;15 Rue De Bassano, Paris, Paris, 75116;[48.8690217, 2.2973435];avril 2022;4;https://fr.hotels.com/ho288578/hotel-bassano-paris-france/?chkin=2022-04-11&chkout=2022-04-12&x_pwa=1&rfrr=HSR&pwa_ts=1648502808382&referrerUrl=aHR0cHM6Ly9mci5ob3RlbHMuY29tL0hvdGVsLVNlYXJjaA%3D%3D&useRewards=false&rm1=a2%3Ac9%3Ac4&regionId=179898&destination=Paris+%28et+environs%29%2C+France&destType=MARKET&neighborhoodId=553248635212953651&sort=RECOMMENDED&top_dp=482&top_cur=EUR&semdtl=&userIntent=&selectedRoomType=200565053&selectedRatePlan=204238396&expediaPropertyId=562164
Hotel Atmospheres;4,5;4.0;459 €;31, rue des Ecoles, Paris, Paris, 75005;[48.8486392, 2.3480607];avril 2022;4;https://fr.hotels.com/ho129483/hotel-atmospheres-paris-france/?chkin=2022-04-11&chkout=2022-04-12&x_pwa=1&rfrr=HSR&pwa_ts=1648502808383&referrerUrl=aHR0cHM6Ly9mci5ob3RlbHMuY29tL0hvdGVsLVNlYXJjaA%3D%3D&useRewards=false&rm1=a2%3Ac9%3Ac4&regionId=179898&destination=Paris+%28et+environs%29%2C+France&destType=MARKET&neighborhoodId=553248635212953609&sort=RECOMMENDED&top_dp=459&top_cur=EUR&semdtl=&userIntent=&selectedRoomType=200196740&selectedRatePlan=206377062&expediaPropertyId=470866
Le Matissia;4,8;0;259 €;2 Rue de Montholon, Paris, Paris, 75009;[48.8766751, 2.3485226];avril 2022;4;https://fr.hotels.com/ho1289710144/le-matissia-paris-france/?chkin=2022-04-11&chkout=2022-04-12&x_pwa=1&rfrr=HSR&pwa_ts=1648502808384&referrerUrl=aHR0cHM6Ly9mci5ob3RlbHMuY29tL0hvdGVsLVNlYXJjaA%3D%3D&useRewards=false&rm1=a2%3Ac9%3Ac4&regionId=179898&destination=Paris+%28et+environs%29%2C+France&destType=MARKET&neighborhoodId=553248635212955795&sort=RECOMMENDED&top_dp=259&top_cur=EUR&semdtl=&userIntent=&selectedRoomType=219037975&selectedRatePlan=280144533&expediaPropertyId=40272192
Hôtel Acadia - Astotel;4,1;3.0;292 €;4 Rue Geoffroy Marie, Paris, Paris, 75009;[48.8732914, 2.3437141];avril 2022;4;https://fr.hotels.com/ho282445/hotel-acadia-astotel-paris-france/?chkin=2022-04-11&chkout=2022-04-12&x_pwa=1&rfrr=HSR&pwa_ts=1648502808378&referrerUrl=aHR0cHM6Ly9mci5ob3RlbHMuY29tL0hvdGVsLVNlYXJjaA%3D%3D&useRewards=false&rm1=a2%3Ac9%3Ac4&regionId=179898&destination=Paris+%28et+environs%29%2C+France&destType=MARKET&neighborhoodId=553248635212953989&sort=RECOMMENDED&top_dp=292&top_cur=EUR&semdtl=&userIntent=&selectedRoomType=212711343&selectedRatePlan=238188453&expediaPropertyId=1171
Majestic Hotel - SPA Champs Elysées;4,2;5.0;608 €;30 Rue La Perouse, Paris, Paris, 75116;[48.8704132, 2.2938813];avril 2022;4;https://fr.hotels.com/ho111688/majestic-hotel-spa-champs-elysees-paris-france/?chkin=2022-04-11&chkout=2022-04-12&x_pwa=1&rfrr=HSR&pwa_ts=1648502808384&referrerUrl=aHR0cHM6Ly9mci5ob3RlbHMuY29tL0hvdGVsLVNlYXJjaA%3D%3D&useRewards=false&rm1=a2%3Ac9%3Ac4&regionId=179898&destination=Paris+%28et+environs%29%2C+France&destType=MARKET&neighborhoodId=553248635212953651&sort=RECOMMENDED&top_dp=608&top_cur=EUR&semdtl=&userIntent=&selectedRoomType=213001915&selectedRatePlan=240031846&expediaPropertyId=3399972
Dadou Paris;4,6;4.0;479 €;Rue Troyon, 10, Paris, Paris, 75017;[48.875931, 2.2955425];avril 2022;4;https://fr.hotels.com/ho245765/dadou-paris-paris-france/?chkin=2022-04-11&chkout=2022-04-12&x_pwa=1&rfrr=HSR&pwa_ts=1648502808381&referrerUrl=aHR0cHM6Ly9mci5ob3RlbHMuY29tL0hvdGVsLVNlYXJjaA%3D%3D&useRewards=false&rm1=a2%3Ac9%3Ac4&regionId=179898&destination=Paris+%28et+environs%29%2C+France&destType=MARKET&neighborhoodId=553248634838840797&sort=RECOMMENDED&top_dp=479&top_cur=EUR&semdtl=&userIntent=&selectedRoomType=315405499&selectedRatePlan=383591596&expediaPropertyId=1486880
Hotel Belfast;3,9;4.0;477 €;10 Avenue Carnot, Paris, Paris, 75017;[48.8756414, 2.29388450946215];avril 2022;4;https://fr.hotels.com/ho427985/hotel-belfast-paris-france/?chkin=2022-04-11&chkout=2022-04-12&x_pwa=1&rfrr=HSR&pwa_ts=1648502808383&referrerUrl=aHR0cHM6Ly9mci5ob3RlbHMuY29tL0hvdGVsLVNlYXJjaA%3D%3D&useRewards=false&rm1=a2%3Ac9%3Ac4&regionId=179898&destination=Paris+%28et+environs%29%2C+France&destType=MARKET&neighborhoodId=553248634838840797&sort=RECOMMENDED&top_dp=477&top_cur=EUR&semdtl=&userIntent=&selectedRoomType=200265115&selectedRatePlan=206988081&expediaPropertyId=1385663
Hôtel Malte - Astotel;4,6;4.0;627 €;63 Rue De Richelieu, Paris, Paris, 75002;[48.8671638, 2.3375736];avril 2022;4;https://fr.hotels.com/ho128172/hotel-malte-astotel-paris-france/?chkin=2022-04-11&chkout=2022-04-12&x_pwa=1&rfrr=HSR&pwa_ts=1648502808381&referrerUrl=aHR0cHM6Ly9mci5ob3RlbHMuY29tL0hvdGVsLVNlYXJjaA%3D%3D&useRewards=false&rm1=a2%3Ac9%3Ac4&regionId=179898&destination=Paris+%28et+environs%29%2C+France&destType=MARKET&neighborhoodId=553248635212957563&sort=RECOMMENDED&top_dp=627&top_cur=EUR&semdtl=&userIntent=&selectedRoomType=201034795&selectedRatePlan=205046947&expediaPropertyId=53587
Hotel Alfred Sommier;4,5;5.0;977 €;20 Rue de l'Arcade, Paris, 75008;[48.872056, 2.3238531];avril 2022;4;https://fr.hotels.com/ho726232032/hotel-alfred-sommier-paris-france/?chkin=2022-04-11&chkout=2022-04-12&x_pwa=1&rfrr=HSR&pwa_ts=1648502808378&referrerUrl=aHR0cHM6Ly9mci5ob3RlbHMuY29tL0hvdGVsLVNlYXJjaA%3D%3D&useRewards=false&rm1=a2%3Ac9%3Ac4&regionId=179898&destination=Paris+%28et+environs%29%2C+France&destType=MARKET&neighborhoodId=553248634838840666&sort=RECOMMENDED&top_dp=977&top_cur=EUR&semdtl=&userIntent=&selectedRoomType=219911094&selectedRatePlan=286036995&expediaPropertyId=22663501
Hotel Aida Marais Printania;3,7;3.0;298 €;19 Rue Du Chateau D Eau, Paris, Paris, 75010;[48.870038, 2.360177];avril 2022;4;https://fr.hotels.com/ho245173/hotel-aida-marais-printania-paris-france/?chkin=2022-04-11&chkout=2022-04-12&x_pwa=1&rfrr=HSR&pwa_ts=1648502808382&referrerUrl=aHR0cHM6Ly9mci5ob3RlbHMuY29tL0hvdGVsLVNlYXJjaA%3D%3D&useRewards=false&rm1=a2%3Ac9%3Ac4&regionId=179898&destination=Paris+%28et+environs%29%2C+France&destType=MARKET&neighborhoodId=553248635212952485&sort=RECOMMENDED&top_dp=298&top_cur=EUR&semdtl=&userIntent=&selectedRoomType=212413441&selectedRatePlan=236228251&expediaPropertyId=53525
Hyatt Regency Paris Etoile;4,2;4.0;578 €;3, Place du Général Kœnig, Paris, Paris, 75017;[48.8805372, 2.2845671];avril 2022;4;https://fr.hotels.com/ho115011/hyatt-regency-paris-etoile-paris-france/?chkin=2022-04-11&chkout=2022-04-12&x_pwa=1&rfrr=HSR&pwa_ts=1648502808383&referrerUrl=aHR0cHM6Ly9mci5ob3RlbHMuY29tL0hvdGVsLVNlYXJjaA%3D%3D&useRewards=false&rm1=a2%3Ac9%3Ac4&regionId=179898&destination=Paris+%28et+environs%29%2C+France&destType=MARKET&neighborhoodId=553248634838840797&sort=RECOMMENDED&top_dp=578&top_cur=EUR&semdtl=&userIntent=&selectedRoomType=314052858&selectedRatePlan=381445651&expediaPropertyId=1337
O.lysée Hôtel;4,8;3.0;418 €;7 Rue Du Colisee, Paris, Paris, 75008;[48.8705289, 2.307594];avril 2022;4;https://fr.hotels.com/ho407356/o-lysee-hotel-paris-france/?chkin=2022-04-11&chkout=2022-04-12&x_pwa=1&rfrr=HSR&pwa_ts=1648502808378&referrerUrl=aHR0cHM6Ly9mci5ob3RlbHMuY29tL0hvdGVsLVNlYXJjaA%3D%3D&useRewards=false&rm1=a2%3Ac9%3Ac4&regionId=179898&destination=Paris+%28et+environs%29%2C+France&destType=MARKET&neighborhoodId=553248635212956116&sort=RECOMMENDED&top_dp=418&top_cur=EUR&semdtl=&userIntent=&selectedRoomType=314435719&selectedRatePlan=383496907&expediaPropertyId=565629
Le 46 Hotel;4,1;3.0;322 €;46 Rue Brunel, Paris, Paris, 75017;[48.8791994, 2.2876131];avril 2022;4;https://fr.hotels.com/ho228340/le-46-hotel-paris-france/?chkin=2022-04-11&chkout=2022-04-12&x_pwa=1&rfrr=HSR&pwa_ts=1648502808382&referrerUrl=aHR0cHM6Ly9mci5ob3RlbHMuY29tL0hvdGVsLVNlYXJjaA%3D%3D&useRewards=false&rm1=a2%3Ac9%3Ac4&regionId=179898&destination=Paris+%28et+environs%29%2C+France&destType=MARKET&neighborhoodId=553248634838840797&sort=RECOMMENDED&top_dp=322&top_cur=EUR&semdtl=&userIntent=&selectedRoomType=200013128&selectedRatePlan=200059503&expediaPropertyId=63898
Hotel Cordelia;4,4;3.0;353 €;11 Rue Greffulhe, Paris, Paris, 75008;[48.8731315, 2.3252847];avril 2022;4;https://fr.hotels.com/ho105542/hotel-cordelia-paris-france/?chkin=2022-04-11&chkout=2022-04-12&x_pwa=1&rfrr=HSR&pwa_ts=1648502808376&referrerUrl=aHR0cHM6Ly9mci5ob3RlbHMuY29tL0hvdGVsLVNlYXJjaA%3D%3D&useRewards=false&rm1=a2%3Ac9%3Ac4&regionId=179898&destination=Paris+%28et+environs%29%2C+France&destType=MARKET&neighborhoodId=553248634838840666&sort=RECOMMENDED&top_dp=353&top_cur=EUR&semdtl=&userIntent=&selectedRoomType=201639298&selectedRatePlan=208191497&expediaPropertyId=53524
Holiday Inn Paris - Gare de Lyon Bastille, an IHG Hotel;4,4;4.0;293 €;11 Rue De Lyon, Paris, Paris, 75012;[48.849502, 2.3707401];avril 2022;4;https://fr.hotels.com/ho266481/holiday-inn-paris-gare-de-lyon-bastille-paris-france/?chkin=2022-04-11&chkout=2022-04-12&x_pwa=1&rfrr=HSR&pwa_ts=1648502808379&referrerUrl=aHR0cHM6Ly9mci5ob3RlbHMuY29tL0hvdGVsLVNlYXJjaA%3D%3D&useRewards=false&rm1=a2%3Ac9%3Ac4&regionId=179898&destination=Paris+%28et+environs%29%2C+France&destType=MARKET&neighborhoodId=553248635212953907&sort=RECOMMENDED&top_dp=293&top_cur=EUR&semdtl=&userIntent=&selectedRoomType=200550497&selectedRatePlan=380228465&expediaPropertyId=44757
Normandy Le Chantier;4,4;0;987 €;7 Rue De L Echelle, Paris, Paris, 75001;[48.8640227, 2.3342123];avril 2022;4;https://fr.hotels.com/ho115857/normandy-le-chantier-paris-france/?chkin=2022-04-11&chkout=2022-04-12&x_pwa=1&rfrr=HSR&pwa_ts=1648502808375&referrerUrl=aHR0cHM6Ly9mci5ob3RlbHMuY29tL0hvdGVsLVNlYXJjaA%3D%3D&useRewards=false&rm1=a2%3Ac9%3Ac4&regionId=179898&destination=Paris+%28et+environs%29%2C+France&destType=MARKET&neighborhoodId=553248635212958333&sort=RECOMMENDED&top_dp=987&top_cur=EUR&semdtl=&userIntent=&selectedRoomType=211809487&selectedRatePlan=232201332&expediaPropertyId=23157
Hotel Duo;4,3;4.0;881 €;11 rue du temple, Paris, Paris, 75004;[48.8580962, 2.3529365];avril 2022;4;https://fr.hotels.com/ho314307/hotel-duo-paris-france/?chkin=2022-04-11&chkout=2022-04-12&x_pwa=1&rfrr=HSR&pwa_ts=1648502808379&referrerUrl=aHR0cHM6Ly9mci5ob3RlbHMuY29tL0hvdGVsLVNlYXJjaA%3D%3D&useRewards=false&rm1=a2%3Ac9%3Ac4&regionId=179898&destination=Paris+%28et+environs%29%2C+France&destType=MARKET&neighborhoodId=553248635212954077&sort=RECOMMENDED&top_dp=881&top_cur=EUR&semdtl=&userIntent=&selectedRoomType=200606665&selectedRatePlan=202972855&expediaPropertyId=7614251
Dream Hotel Opera & SPA;4,0;4.0;524 €;15 bis Rue le Peletier, Paris, 75009;[48.8732871, 2.3387537];avril 2022;4;https://fr.hotels.com/ho724752352/dream-hotel-opera-spa-paris-france/?chkin=2022-04-11&chkout=2022-04-12&x_pwa=1&rfrr=HSR&pwa_ts=1648502808375&referrerUrl=aHR0cHM6Ly9mci5ob3RlbHMuY29tL0hvdGVsLVNlYXJjaA%3D%3D&useRewards=false&rm1=a2%3Ac9%3Ac4&regionId=179898&destination=Paris+%28et+environs%29%2C+France&destType=MARKET&neighborhoodId=553248635212953989&sort=RECOMMENDED&top_dp=524&top_cur=EUR&semdtl=&userIntent=&selectedRoomType=219600416&selectedRatePlan=284002904&expediaPropertyId=22617261
Hotel Mayfair;4,3;4.0;396 €;3, Rue Rouget de L'Isle, Paris, Paris, 75001;[48.9256072, 2.4302962];avril 2022;4;https://fr.hotels.com/ho127896/hotel-mayfair-paris-france/?chkin=2022-04-11&chkout=2022-04-12&x_pwa=1&rfrr=HSR&pwa_ts=1648502808377&referrerUrl=aHR0cHM6Ly9mci5ob3RlbHMuY29tL0hvdGVsLVNlYXJjaA%3D%3D&useRewards=false&rm1=a2%3Ac9%3Ac4&regionId=179898&destination=Paris+%28et+environs%29%2C+France&destType=MARKET&neighborhoodId=553248635212953914&sort=RECOMMENDED&top_dp=396&top_cur=EUR&semdtl=&userIntent=&selectedRoomType=243764&selectedRatePlan=624440&expediaPropertyId=44839
Snob Hotel by Elegancia;4,4;4.0;2 004 €;84 / 86 rue Saint Denis, Paris, Ile-de-France, 75001;[48.8623143, 2.3494969];avril 2022;4;https://fr.hotels.com/ho630426/snob-hotel-by-elegancia-paris-france/?chkin=2022-04-11&chkout=2022-04-12&x_pwa=1&rfrr=HSR&pwa_ts=1648502808376&referrerUrl=aHR0cHM6Ly9mci5ob3RlbHMuY29tL0hvdGVsLVNlYXJjaA%3D%3D&useRewards=false&rm1=a2%3Ac9%3Ac4&regionId=179898&destination=Paris+%28et+environs%29%2C+France&destType=MARKET&neighborhoodId=553248635212953516&sort=RECOMMENDED&top_dp=2004&top_cur=EUR&semdtl=&userIntent=&selectedRoomType=201748749&selectedRatePlan=290345592&expediaPropertyId=16280516
Elysées Paris;4,0;3.0;322 €;1 Rue Brey, Paris, Paris, 75017;[48.8771822, 2.2949209];avril 2022;4;https://fr.hotels.com/ho288571/elysees-paris-paris-france/?chkin=2022-04-11&chkout=2022-04-12&x_pwa=1&rfrr=HSR&pwa_ts=1648502808375&referrerUrl=aHR0cHM6Ly9mci5ob3RlbHMuY29tL0hvdGVsLVNlYXJjaA%3D%3D&useRewards=false&rm1=a2%3Ac9%3Ac4&regionId=179898&destination=Paris+%28et+environs%29%2C+France&destType=MARKET&neighborhoodId=553248634838840797&sort=RECOMMENDED&top_dp=322&top_cur=EUR&semdtl=&userIntent=&selectedRoomType=200544547&selectedRatePlan=202958474&expediaPropertyId=44827
Hôtel Sainte-Beuve;4,6;4.0;428 €;9 Rue Sainte-Beuve, Paris, Paris, 75006;[48.843933, 2.3294674];avril 2022;4;https://fr.hotels.com/ho106476/hotel-sainte-beuve-paris-france/?chkin=2022-04-11&chkout=2022-04-12&x_pwa=1&rfrr=HSR&pwa_ts=1648502808377&referrerUrl=aHR0cHM6Ly9mci5ob3RlbHMuY29tL0hvdGVsLVNlYXJjaA%3D%3D&useRewards=false&rm1=a2%3Ac9%3Ac4&regionId=179898&destination=Paris+%28et+environs%29%2C+France&destType=MARKET&neighborhoodId=553248635212953062&sort=RECOMMENDED&top_dp=428&top_cur=EUR&semdtl=&userIntent=&selectedRoomType=202297497&selectedRatePlan=211852024&expediaPropertyId=902975
Hôtel Le Marianne;4,5;4.0;573 €;11 Rue Paul Baudry, Paris, Paris, 75008;[48.8725879, 2.3076104];avril 2022;4;https://fr.hotels.com/ho474919/hotel-le-marianne-paris-france/?chkin=2022-04-11&chkout=2022-04-12&x_pwa=1&rfrr=HSR&pwa_ts=1648502808380&referrerUrl=aHR0cHM6Ly9mci5ob3RlbHMuY29tL0hvdGVsLVNlYXJjaA%3D%3D&useRewards=false&rm1=a2%3Ac9%3Ac4&regionId=179898&destination=Paris+%28et+environs%29%2C+France&destType=MARKET&neighborhoodId=553248635212956116&sort=RECOMMENDED&top_dp=573&top_cur=EUR&semdtl=&userIntent=&selectedRoomType=217501028&selectedRatePlan=270006507&expediaPropertyId=8842016
Hôtel Waldorf Trocadéro Tour Eiffel;4,2;4.0;543 €;97 Rue Lauriston, Paris, Paris, 75116;[48.8672448, 2.2879213];avril 2022;4;https://fr.hotels.com/ho186961/hotel-waldorf-trocadero-tour-eiffel-paris-france/?chkin=2022-04-11&chkout=2022-04-12&x_pwa=1&rfrr=HSR&pwa_ts=1648502808373&referrerUrl=aHR0cHM6Ly9mci5ob3RlbHMuY29tL0hvdGVsLVNlYXJjaA%3D%3D&useRewards=false&rm1=a2%3Ac9%3Ac4&regionId=179898&destination=Paris+%28et+environs%29%2C+France&destType=MARKET&neighborhoodId=553248635212953651&sort=RECOMMENDED&top_dp=543&top_cur=EUR&semdtl=&userIntent=&selectedRoomType=315801192&selectedRatePlan=384709813&expediaPropertyId=558425
Hôtel Elysées Bassano;4,0;4.0;420 €;24 Rue De Bassano, Paris, Paris, 75016;[48.8690217, 2.2973435];avril 2022;4;https://fr.hotels.com/ho282567/hotel-elysees-bassano-paris-france/?chkin=2022-04-11&chkout=2022-04-12&x_pwa=1&rfrr=HSR&pwa_ts=1648502808373&referrerUrl=aHR0cHM6Ly9mci5ob3RlbHMuY29tL0hvdGVsLVNlYXJjaA%3D%3D&useRewards=false&rm1=a2%3Ac9%3Ac4&regionId=179898&destination=Paris+%28et+environs%29%2C+France&destType=MARKET&neighborhoodId=553248635212953651&sort=RECOMMENDED&top_dp=420&top_cur=EUR&semdtl=&userIntent=&selectedRoomType=202456496&selectedRatePlan=212472363&expediaPropertyId=8931
Hotel Marignan Champs - Elysées;4,5;5.0;1 209 €;12 Rue De Marignan, Paris, Paris, 75008;[48.868480250000005, 2.306659104201465];avril 2022;4;https://fr.hotels.com/ho115976/hotel-marignan-champs-elysees-paris-france/?chkin=2022-04-11&chkout=2022-04-12&x_pwa=1&rfrr=HSR&pwa_ts=1648502808382&referrerUrl=aHR0cHM6Ly9mci5ob3RlbHMuY29tL0hvdGVsLVNlYXJjaA%3D%3D&useRewards=false&rm1=a2%3Ac9%3Ac4&regionId=179898&destination=Paris+%28et+environs%29%2C+France&destType=MARKET&neighborhoodId=553248635212953502&sort=RECOMMENDED&top_dp=1209&top_cur=EUR&semdtl=&userIntent=&selectedRoomType=201630871&selectedRatePlan=208155925&expediaPropertyId=573476
Hotel Bachaumont;4,6;4.0;767 €;18 rue Bachaumont, Paris, Paris, 75002;[48.8661859, 2.345032];avril 2022;4;https://fr.hotels.com/ho493874/hotel-bachaumont-paris-france/?chkin=2022-04-11&chkout=2022-04-12&x_pwa=1&rfrr=HSR&pwa_ts=1648502808382&referrerUrl=aHR0cHM6Ly9mci5ob3RlbHMuY29tL0hvdGVsLVNlYXJjaA%3D%3D&useRewards=false&rm1=a2%3Ac9%3Ac4&regionId=179898&destination=Paris+%28et+environs%29%2C+France&destType=MARKET&neighborhoodId=553248635212953637&sort=RECOMMENDED&top_dp=767&top_cur=EUR&semdtl=&userIntent=&selectedRoomType=200976645&selectedRatePlan=270102122&expediaPropertyId=10040266
Castille Paris - Starhotels Collezione;4,4;5.0;943 €;33-37 Rue Cambon, Paris, Paris, 75001;[48.8689199, 2.3274294];avril 2022;4;https://fr.hotels.com/ho114934/castille-paris-starhotels-collezione-paris-france/?chkin=2022-04-11&chkout=2022-04-12&x_pwa=1&rfrr=HSR&pwa_ts=1648502808383&referrerUrl=aHR0cHM6Ly9mci5ob3RlbHMuY29tL0hvdGVsLVNlYXJjaA%3D%3D&useRewards=false&rm1=a2%3Ac9%3Ac4&regionId=179898&destination=Paris+%28et+environs%29%2C+France&destType=MARKET&neighborhoodId=553248635212953914&sort=RECOMMENDED&top_dp=943&top_cur=EUR&semdtl=&userIntent=&selectedRoomType=216746293&selectedRatePlan=264273707&expediaPropertyId=562421
Hôtel Pont Royal;4,4;5.0;1 739 €;7 Rue Montalembert, Paris, Paris, 75007;[48.8566475, 2.3274441];avril 2022;4;https://fr.hotels.com/ho187204/hotel-pont-royal-by-accor-paris-france/?chkin=2022-04-11&chkout=2022-04-12&x_pwa=1&rfrr=HSR&pwa_ts=1648502808384&referrerUrl=aHR0cHM6Ly9mci5ob3RlbHMuY29tL0hvdGVsLVNlYXJjaA%3D%3D&useRewards=false&rm1=a2%3Ac9%3Ac4&regionId=179898&destination=Paris+%28et+environs%29%2C+France&destType=MARKET&neighborhoodId=553248635212953332&sort=RECOMMENDED&top_dp=1739&top_cur=EUR&semdtl=&userIntent=&selectedRoomType=316170889&selectedRatePlan=385561262&expediaPropertyId=565600
Juliana Hotel Paris;4,5;5.0;795 €;10 - 12 Rue Cognacq-Jay, Paris, Paris, 75007;[48.8618611, 2.3040832];avril 2022;4;https://fr.hotels.com/ho487596/juliana-paris-paris-france/?chkin=2022-04-11&chkout=2022-04-12&x_pwa=1&rfrr=HSR&pwa_ts=1648502808381&referrerUrl=aHR0cHM6Ly9mci5ob3RlbHMuY29tL0hvdGVsLVNlYXJjaA%3D%3D&useRewards=false&rm1=a2%3Ac9%3Ac4&regionId=179898&destination=Paris+%28et+environs%29%2C+France&destType=MARKET&neighborhoodId=553248635212953090&sort=RECOMMENDED&top_dp=795&top_cur=EUR&semdtl=&userIntent=&selectedRoomType=201364803&selectedRatePlan=278099941&expediaPropertyId=9748353
La Clef Tour Eiffel Paris by The Crest Collection;4,4;5.0;804 €;83 Avenue Kléber, Paris, Paris, 75116;[48.8646401, 2.2886813];avril 2022;4;https://fr.hotels.com/ho133932/la-clef-tour-eiffel-paris-by-the-crest-collection-paris-france/?chkin=2022-04-11&chkout=2022-04-12&x_pwa=1&rfrr=HSR&pwa_ts=1648502808380&referrerUrl=aHR0cHM6Ly9mci5ob3RlbHMuY29tL0hvdGVsLVNlYXJjaA%3D%3D&useRewards=false&rm1=a2%3Ac9%3Ac4&regionId=179898&destination=Paris+%28et+environs%29%2C+France&destType=MARKET&neighborhoodId=553248635212953651&sort=RECOMMENDED&top_dp=804&top_cur=EUR&semdtl=&userIntent=&selectedRoomType=213311971&selectedRatePlan=385307531&expediaPropertyId=20955
Maison Breguet;4,4;5.0;720 €;8 Rue Bréguet, Paris, 75011;[48.8566733, 2.3718892];avril 2022;4;https://fr.hotels.com/ho641197280/maison-breguet-paris-france/?chkin=2022-04-11&chkout=2022-04-12&x_pwa=1&rfrr=HSR&pwa_ts=1648502808381&referrerUrl=aHR0cHM6Ly9mci5ob3RlbHMuY29tL0hvdGVsLVNlYXJjaA%3D%3D&useRewards=false&rm1=a2%3Ac9%3Ac4&regionId=179898&destination=Paris+%28et+environs%29%2C+France&destType=MARKET&neighborhoodId=553248635212953134&sort=RECOMMENDED&top_dp=720&top_cur=EUR&semdtl=&userIntent=&selectedRoomType=202303182&selectedRatePlan=211921459&expediaPropertyId=20006165
Hotel Napoleon;4,4;5.0;898 €;40 Avenue De Friedland, Paris, Paris, 75008;[48.8742419, 2.2980515];avril 2022;4;https://fr.hotels.com/ho110405/hotel-napoleon-paris-france/?chkin=2022-04-11&chkout=2022-04-12&x_pwa=1&rfrr=HSR&pwa_ts=1648502808382&referrerUrl=aHR0cHM6Ly9mci5ob3RlbHMuY29tL0hvdGVsLVNlYXJjaA%3D%3D&useRewards=false&rm1=a2%3Ac9%3Ac4&regionId=179898&destination=Paris+%28et+environs%29%2C+France&destType=MARKET&neighborhoodId=553248635212956116&sort=RECOMMENDED&top_dp=898&top_cur=EUR&semdtl=&userIntent=&selectedRoomType=314025692&selectedRatePlan=381022514&expediaPropertyId=13819
Maison Astor Paris, Curio Collection by Hilton;4,4;4.0;922 €;11 Rue D'Astorg, Paris, Paris, 75008;[48.8728474, 2.3193054];avril 2022;4;https://fr.hotels.com/ho113601/maison-astor-paris-curio-collection-by-hilton-paris-france/?chkin=2022-04-11&chkout=2022-04-12&x_pwa=1&rfrr=HSR&pwa_ts=1648502808381&referrerUrl=aHR0cHM6Ly9mci5ob3RlbHMuY29tL0hvdGVsLVNlYXJjaA%3D%3D&useRewards=false&rm1=a2%3Ac9%3Ac4&regionId=179898&destination=Paris+%28et+environs%29%2C+France&destType=MARKET&neighborhoodId=553248634838840666&sort=RECOMMENDED&top_dp=922&top_cur=EUR&semdtl=&userIntent=&selectedRoomType=201844900&selectedRatePlan=236060327&expediaPropertyId=414462
Renaissance Paris Republique Hotel;4,4;5.0;636 €;40 Rue Rene Boulanger, Paris, 75010;[48.8684253, 2.3609072];avril 2022;4;https://fr.hotels.com/ho427888864/renaissance-paris-republique-hotel-paris-france/?chkin=2022-04-11&chkout=2022-04-12&x_pwa=1&rfrr=HSR&pwa_ts=1648502808378&referrerUrl=aHR0cHM6Ly9mci5ob3RlbHMuY29tL0hvdGVsLVNlYXJjaA%3D%3D&useRewards=false&rm1=a2%3Ac9%3Ac4&regionId=179898&destination=Paris+%28et+environs%29%2C+France&destType=MARKET&neighborhoodId=553248635212952485&sort=RECOMMENDED&top_dp=636&top_cur=EUR&semdtl=&userIntent=&selectedRoomType=220812553&selectedRatePlan=292386349&expediaPropertyId=13340277
Paris Marriott Champs Elysees Hotel;4,2;5.0;767 €;70 avenue des Champs Elysees, Paris, Paris, 75008;[48.8709709, 2.3049746];avril 2022;4;https://fr.hotels.com/ho133011/paris-marriott-champs-elysees-hotel-paris-france/?chkin=2022-04-11&chkout=2022-04-12&x_pwa=1&rfrr=HSR&pwa_ts=1648502808383&referrerUrl=aHR0cHM6Ly9mci5ob3RlbHMuY29tL0hvdGVsLVNlYXJjaA%3D%3D&useRewards=false&rm1=a2%3Ac9%3Ac4&regionId=179898&destination=Paris+%28et+environs%29%2C+France&destType=MARKET&neighborhoodId=553248635212953502&sort=RECOMMENDED&top_dp=767&top_cur=EUR&semdtl=&userIntent=&selectedRoomType=201006453&selectedRatePlan=204898083&expediaPropertyId=63330
Renaissance Paris Arc de Triomphe Hotel;4,5;5.0;520 €;39 avenue de Wagram, Paris, Paris, 75017;[48.8770077, 2.2970587];avril 2022;4;https://fr.hotels.com/ho308486/renaissance-paris-arc-de-triomphe-hotel-paris-france/?chkin=2022-04-11&chkout=2022-04-12&x_pwa=1&rfrr=HSR&pwa_ts=1648502808380&referrerUrl=aHR0cHM6Ly9mci5ob3RlbHMuY29tL0hvdGVsLVNlYXJjaA%3D%3D&useRewards=false&rm1=a2%3Ac9%3Ac4&regionId=179898&destination=Paris+%28et+environs%29%2C+France&destType=MARKET&neighborhoodId=553248634838840797&sort=RECOMMENDED&top_dp=520&top_cur=EUR&semdtl=&userIntent=&selectedRoomType=430987&selectedRatePlan=256263208&expediaPropertyId=2431617
Hyatt Paris Madeleine;4,4;5.0;648 €;24 Boulevard Malesherbes, Paris, Paris, 75008;[48.8710378, 2.322966];avril 2022;4;https://fr.hotels.com/ho132228/hyatt-paris-madeleine-paris-france/?chkin=2022-04-11&chkout=2022-04-12&x_pwa=1&rfrr=HSR&pwa_ts=1648502808378&referrerUrl=aHR0cHM6Ly9mci5ob3RlbHMuY29tL0hvdGVsLVNlYXJjaA%3D%3D&useRewards=false&rm1=a2%3Ac9%3Ac4&regionId=179898&destination=Paris+%28et+environs%29%2C+France&destType=MARKET&neighborhoodId=553248634838840666&sort=RECOMMENDED&top_dp=648&top_cur=EUR&semdtl=&userIntent=&selectedRoomType=202065699&selectedRatePlan=236169842&expediaPropertyId=81702
Hotel au coeur des Arts et Metiers;;3.0;333 €;19 Rue du Vertbois, Paris, Département de Paris, 75003;;avril 2022;4;https://fr.hotels.com/ho2241251616/hotel-au-coeur-des-arts-et-metiers-paris-france/?chkin=2022-04-11&chkout=2022-04-12&x_pwa=1&rfrr=HSR&pwa_ts=1648502808378&referrerUrl=aHR0cHM6Ly9mci5ob3RlbHMuY29tL0hvdGVsLVNlYXJjaA%3D%3D&useRewards=false&rm1=a2%3Ac9%3Ac4&regionId=179898&destination=Paris+%28et+environs%29%2C+France&destType=MARKET&neighborhoodId=553248635212955967&sort=RECOMMENDED&top_dp=333&top_cur=EUR&semdtl=&userIntent=&selectedRoomType=316274460&selectedRatePlan=385735834&expediaPropertyId=70007863
